date,product_name,product_id,storage,color,link,fair,good,excellent,rating,reviews,provider,provider_link
24_Nov_22,iPhone 13 Pro Max,iPhone 13 Pro Max 128 GB - Alpine Green - Unlocked,128,Alpine Green,https://www.backmarket.co.uk/en-gb/p/iphone-13-pro-max-128-gb-alpine-green-unlocked/5fc4224f-0179-4e41-b0e3-d88a9ce09611,849.00,-1,880.00,4.5,158,Stock Must Go Ltd,https://www.backmarket.co.uk/en-gb/s/stock-must-go-ltd/301ff8d7-9cf7-40b4-9992-66e03c0b1fab
24_Nov_22,iPhone 13 Pro Max,iPhone 13 Pro Max 256 GB - Graphite - Unlocked,256,Graphite,https://www.backmarket.co.uk/en-gb/p/iphone-13-pro-max-256-gb-graphite-unlocked/1367d382-6e73-44f0-907a-18cc8d448a36,855.00,899.01,"1,046.75",4.5,158,musicMagpie,https://www.backmarket.co.uk/en-gb/s/musicmagpie/e42c730e-4957-4972-832d-a010e6490ad7
24_Nov_22,iPhone 13 Pro Max,iPhone 13 Pro Max 512 GB - Alpine Green - Unlocked,512,Alpine Green,https://www.backmarket.co.uk/en-gb/p/iphone-13-pro-max-512-gb-graphite-unlocked/4e29c42d-727c-4beb-a425-be0187a211e9,-1,"1,199.00","1,249.00",4.5,158,Stock Must Go Ltd,https://www.backmarket.co.uk/en-gb/s/stock-must-go-ltd/301ff8d7-9cf7-40b4-9992-66e03c0b1fab
24_Nov_22,iPhone 13 Pro Max,iPhone 13 Pro Max 1000 GB - Alpine Green - Unlocked,1000,Alpine Green,https://www.backmarket.co.uk/en-gb/p/iphone-13-pro-max-1000-gb-graphite-unlocked/f21ed65d-0d37-48ed-8adb-f5a9a95f01c7,-1,-1,"1,299.95",4.5,158,Buyur,https://www.backmarket.co.uk/en-gb/s/buyur/850616f1-61f6-45d8-9f1b-7b372b42b727
24_Nov_22,iPhone 7,iPhone 7 32 GB - Rose Gold - Unlocked,32,Rose Gold,https://www.backmarket.co.uk/en-gb/p/iphone-7-32-gb-rose-gold-unlocked/34a86639-944c-4a33-9b45-c985017c7508,93.85,94.76,119.00,4.1,275,BEST4TECH,https://www.backmarket.co.uk/en-gb/s/best4tech/03d04c9d-a534-4648-89d7-f8718b022d3a
24_Nov_22,iPhone 7,iPhone 7 128 GB - Rose Gold - Unlocked,128,Rose Gold,https://www.backmarket.co.uk/en-gb/p/iphone-7-128-gb-rose-gold-unlocked/8a889def-c40e-46f6-bdd9-3007afa16a53,109.00,129.00,129.00,4.1,275,MMAPHONESLTD,https://www.backmarket.co.uk/en-gb/s/mmaphonesltd/e015fdde-43ec-4196-bf57-40fce9aac878
24_Nov_22,iPhone 7,iPhone 7 256 GB - Rose Gold - Unlocked,256,Rose Gold,https://www.backmarket.co.uk/en-gb/p/iphone-7-256-gb-rose-gold-unlocked/74d3a602-a926-4494-9b53-da6c811a3094,-1,-1,228.00,4.1,275,Regents Impex Ltd,https://www.backmarket.co.uk/en-gb/s/regents-impex-ltd/e19f6676-7687-4338-bc69-4028b803794b
24_Nov_22,iPhone 12 Pro Max,iPhone 12 Pro Max 128 GB - Silver - Unlocked,128,Silver,https://www.backmarket.co.uk/en-gb/p/iphone-12-pro-max-128-gb-silver-unlocked/9b830725-94d9-41b6-938d-f144ffb96729,502.46,586.96,684.00,4.2,197,Phones Direct UK,https://www.backmarket.co.uk/en-gb/s/phones-direct-uk/8e67e8fd-ad92-45e1-8584-66a4296a1d30
24_Nov_22,iPhone 12 Pro Max,iPhone 12 Pro Max 256 GB - Silver - Unlocked,256,Silver,https://www.backmarket.co.uk/en-gb/p/iphone-12-pro-max-256-gb-silver-unlocked/2fe78a92-80e2-4beb-a110-6bed225cbf6f,562.71,668.12,911.50,4.2,197,Stock Must Go Ltd,https://www.backmarket.co.uk/en-gb/s/stock-must-go-ltd/301ff8d7-9cf7-40b4-9992-66e03c0b1fab
24_Nov_22,iPhone XR,iPhone XR 64 GB - (Product)Red - Unlocked,64,(PRODUCT)Red,https://www.backmarket.co.uk/en-gb/p/iphone-xr-64-gb-productred-unlocked/ce6d33be-f0d3-42bc-84f3-c69c416ba32e,229.33,237.89,238.64,4.4,691,Tech Tiger Group LTD,https://www.backmarket.co.uk/en-gb/s/tech-tiger-group-ltd/452e5d75-c6cc-4e5a-9d04-ec1e5152a229
24_Nov_22,iPhone 12 Pro Max,iPhone 12 Pro Max 512 GB - Silver - Unlocked,512,Silver,https://www.backmarket.co.uk/en-gb/p/iphone-12-pro-max-512-gb-silver-unlocked/6a35927c-b9db-4492-bd38-1ceb19c3e9cc,621.00,666.48,"1,041.13",4.2,197,GoodBuyTech,https://www.backmarket.co.uk/en-gb/s/goodbuytech/9815cd04-b74b-4ad3-8c57-6360ac25f8a1
24_Nov_22,iPhone XR,iPhone XR 128 GB - (Product)Red - Unlocked,128,(PRODUCT)Red,https://www.backmarket.co.uk/en-gb/p/iphone-xr-128-gb-productred-unlocked/a34538f4-69bd-4ed8-9c1c-91c140d14445,240.00,264.99,285.47,4.4,691,BEST4TECH,https://www.backmarket.co.uk/en-gb/s/best4tech/03d04c9d-a534-4648-89d7-f8718b022d3a
24_Nov_22,iPhone XR,iPhone XR 256 GB - (Product)Red - Unlocked,256,(PRODUCT)Red,https://www.backmarket.co.uk/en-gb/p/iphone-xr-256-gb-productred-unlocked/dd11d898-29e5-4d3e-b932-14fb1bea537e,-1,-1,496.00,4.4,691,Regents Impex Ltd,https://www.backmarket.co.uk/en-gb/s/regents-impex-ltd/e19f6676-7687-4338-bc69-4028b803794b
24_Nov_22,iPhone 11 Pro Max,iPhone 11 Pro Max 256 GB - Space Gray - Unlocked,256,Space Gray,https://www.backmarket.co.uk/en-gb/p/iphone-11-pro-max-256-gb-space-gray-unlocked/5fea5fbe-bee0-4f98-8d71-72e1facd43a3,416.46,450.90,500.00,4.2,325,Stock Must Go Ltd,https://www.backmarket.co.uk/en-gb/s/stock-must-go-ltd/301ff8d7-9cf7-40b4-9992-66e03c0b1fab
24_Nov_22,iPhone 11 Pro Max,iPhone 11 Pro Max 64 GB - Space Gray - Unlocked,64,Space Gray,https://www.backmarket.co.uk/en-gb/p/iphone-11-pro-max-64-gb-space-gray-unlocked/57a443a0-5117-4d98-9147-19161f6e99c3,349.70,390.00,431.18,4.2,325,Mobile Crazy Limited,https://www.backmarket.co.uk/en-gb/s/mobile-crazy-limited/4a94e3b5-42b1-4bca-be1e-d2bbcaf35864
24_Nov_22,iPhone 11 Pro Max,iPhone 11 Pro Max 512 GB - Space Gray - Unlocked,512,Space Gray,https://www.backmarket.co.uk/en-gb/p/iphone-11-pro-max-512-gb-space-gray-unlocked/d669d61e-c332-4538-a53d-33b5d7584c9b,446.88,511.00,524.61,4.2,325,WJD Repairs,https://www.backmarket.co.uk/en-gb/s/wjd-repairs/6ee42ea8-5802-4b81-bc58-598315fb1996
24_Nov_22,iPhone 8 Plus,iPhone 8 Plus 64 GB - Space Gray - Unlocked,64,Space Gray,https://www.backmarket.co.uk/en-gb/p/iphone-8-plus-64-gb-space-gray-unlocked/4f28f0c9-3f45-4541-bb3c-a3c4f6054ccb,203.00,200.61,202.49,4.4,171,Phones Direct UK,https://www.backmarket.co.uk/en-gb/s/phones-direct-uk/8e67e8fd-ad92-45e1-8584-66a4296a1d30
24_Nov_22,iPhone 8 Plus,iPhone 8 Plus 128 GB - Space Gray - Unlocked,128,Space Gray,https://www.backmarket.co.uk/en-gb/p/iphone-8-plus-128-gb-space-gray-unlocked/531d29d3-4162-4736-b926-c95f701da346,-1,-1,298.00,4.4,171,Regents Impex Ltd,https://www.backmarket.co.uk/en-gb/s/regents-impex-ltd/e19f6676-7687-4338-bc69-4028b803794b
24_Nov_22,iPhone 8 Plus,iPhone 8 Plus 256 GB - Space Gray - Unlocked,256,Space Gray,https://www.backmarket.co.uk/en-gb/p/iphone-8-plus-256-gb-space-gray-unlocked/8acbc29d-48db-4b09-ad4b-23fbf7dbc9b6,188.87,228.16,388.99,4.4,171,Stock Must Go Ltd,https://www.backmarket.co.uk/en-gb/s/stock-must-go-ltd/301ff8d7-9cf7-40b4-9992-66e03c0b1fab
24_Nov_22,iPhone 7,iPhone 7 32 GB - Jet Black - Unlocked,32,Jet Black,https://www.backmarket.co.uk/en-gb/p/iphone-7-32-gb-jet-black-unlocked/ebd1cb3a-a6b9-4d97-88de-ea457aab0a70,94.00,140.00,178.00,4.1,275,Digital Techno,https://www.backmarket.co.uk/en-gb/s/digital-techno/5b611bd5-aaa3-42ac-9b7a-84e4648117a1
24_Nov_22,iPhone 7,iPhone 7 128 GB - Jet Black - Unlocked,128,Jet Black,https://www.backmarket.co.uk/en-gb/p/iphone-7-128-gb-jet-black-unlocked/959b3ff0-0290-46a7-aeb3-f4d6458363bd,125.00,-1,219.00,4.1,275,Cell Market Ltd,https://www.backmarket.co.uk/en-gb/s/cell-market-ltd/15d522d9-088e-4e58-a022-7813844a0ce2
24_Nov_22,iPhone 7,iPhone 7 256 GB - Jet Black - Unlocked,256,Jet Black,https://www.backmarket.co.uk/en-gb/p/iphone-7-256-gb-jet-black-unlocked/758a78d2-71bc-4faa-a663-b2a65b625e82,-1,-1,249.00,4.1,275,Regents Impex Ltd,https://www.backmarket.co.uk/en-gb/s/regents-impex-ltd/e19f6676-7687-4338-bc69-4028b803794b
24_Nov_22,iPhone 12 Pro,iPhone 12 Pro 128 GB - Graphite - Unlocked,128,Graphite,https://www.backmarket.co.uk/en-gb/p/iphone-12-pro-128-gb-graphite-unlocked/cd7a1df1-fe4a-4a2f-889c-38d05be64126,444.87,490.12,599.99,4.3,270,Phones Direct UK,https://www.backmarket.co.uk/en-gb/s/phones-direct-uk/8e67e8fd-ad92-45e1-8584-66a4296a1d30
24_Nov_22,iPhone 12 Pro,iPhone 12 Pro 256 GB - Graphite - Unlocked,256,Graphite,https://www.backmarket.co.uk/en-gb/p/iphone-12-pro-256-gb-graphite-unlocked/4b95c04e-ff61-49ce-8e61-08a3906c33a2,476.93,530.21,567.00,4.3,270,Stock Must Go Ltd,https://www.backmarket.co.uk/en-gb/s/stock-must-go-ltd/301ff8d7-9cf7-40b4-9992-66e03c0b1fab
24_Nov_22,iPhone 12 Pro,iPhone 12 Pro 512 GB - Graphite - Unlocked,512,Graphite,https://www.backmarket.co.uk/en-gb/p/iphone-12-pro-512-gb-graphite-unlocked/145124cf-d3c1-4f37-884f-38b322ff8abd,553.13,634.99,648.00,4.3,270,Uber Link Ltd,https://www.backmarket.co.uk/en-gb/s/uber-link-ltd/616e236f-a83e-46c0-827d-c05f4740b8fa
24_Nov_22,iPhone 12 mini,iPhone 12 mini 64 GB - Green - Unlocked,64,Green,https://www.backmarket.co.uk/en-gb/p/iphone-12-mini-64-gb-green-unlocked/b3550265-7806-4645-b789-906e5b8bf6fc,362.95,374.00,389.00,4.3,206,Buyur,https://www.backmarket.co.uk/en-gb/s/buyur/850616f1-61f6-45d8-9f1b-7b372b42b727
24_Nov_22,iPhone 12 mini,iPhone 12 mini 128 GB - Green - Unlocked,128,Green,https://www.backmarket.co.uk/en-gb/p/iphone-12-mini-128-gb-green-unlocked/3633babc-f8b0-4f1e-89e3-edd649f279d1,390.00,441.94,429.00,4.3,206,GoodBuyTech,https://www.backmarket.co.uk/en-gb/s/goodbuytech/9815cd04-b74b-4ad3-8c57-6360ac25f8a1
24_Nov_22,iPhone 12 mini,iPhone 12 mini 256 GB - Green - Unlocked,256,Green,https://www.backmarket.co.uk/en-gb/p/iphone-12-mini-256-gb-green-unlocked/773d0216-cfd9-4713-919c-10f92949fd68,-1,-1,585.00,4.3,206,Zextons Limited,https://www.backmarket.co.uk/en-gb/s/zextons-limited/12755292-b49a-42b0-af8c-4a402f3584a4
24_Nov_22,iPhone XR,iPhone XR 64 GB - Coral - Unlocked,64,Coral,https://www.backmarket.co.uk/en-gb/p/iphone-xr-64-gb-coral-unlocked/2e06a8bc-4b47-4917-bc32-9a29a68101af,197.03,279.00,240.87,4.4,691,BEST4TECH,https://www.backmarket.co.uk/en-gb/s/best4tech/03d04c9d-a534-4648-89d7-f8718b022d3a
24_Nov_22,iPhone XR,iPhone XR 128 GB - Coral - Unlocked,128,Coral,https://www.backmarket.co.uk/en-gb/p/iphone-xr-128-gb-coral-unlocked/d1f26a30-114e-4172-ac64-060eb5ec9869,266.00,279.99,319.99,4.4,691,musicMagpie,https://www.backmarket.co.uk/en-gb/s/musicmagpie/e42c730e-4957-4972-832d-a010e6490ad7
24_Nov_22,iPhone XR,iPhone XR 256 GB - Coral - Unlocked,256,Coral,https://www.backmarket.co.uk/en-gb/p/iphone-xr-256-gb-coral-unlocked/e13bc76b-b87b-4ea6-ae6b-c7ad0cab3286,249.95,-1,-1,4.4,691,Buyur,https://www.backmarket.co.uk/en-gb/s/buyur/850616f1-61f6-45d8-9f1b-7b372b42b727
24_Nov_22,iPhone 6S,iPhone 6S 16 GB - Space Gray - Unlocked,16,Space Gray,https://www.backmarket.co.uk/en-gb/p/iphone-6s-16-gb-space-gray-unlocked/7c13a280-6e76-4521-a501-b593987052b7,73.00,90.00,102.00,4.2,73,Stock Must Go Ltd,https://www.backmarket.co.uk/en-gb/s/stock-must-go-ltd/301ff8d7-9cf7-40b4-9992-66e03c0b1fab
24_Nov_22,iPhone 6S,iPhone 6S 32 GB - Space Gray - Unlocked,32,Space Gray,https://www.backmarket.co.uk/en-gb/p/iphone-6s-32-gb-space-gray-unlocked/c0b51739-72ea-4a79-91b3-72e1b52d0c08,76.00,87.39,110.00,4.2,73,Gecko Mobile Shop,https://www.backmarket.co.uk/en-gb/s/gecko-mobile-shop/2d086dda-0694-472b-bc01-e5c2923b68a2
24_Nov_22,iPhone 6S,iPhone 6S 64 GB - Space Gray - Unlocked,64,Space Gray,https://www.backmarket.co.uk/en-gb/p/iphone-6s-64-gb-space-gray-unlocked/d9d706a6-b345-4c7e-a668-eafef6399e0d,89.58,130.00,-1,4.2,73,Want a New Gadget,https://www.backmarket.co.uk/en-gb/s/want-a-new-gadget/327dc091-b378-4cc8-9034-5ab83a1232fb
24_Nov_22,iPhone 6S,iPhone 6S 128 GB - Silver - Unlocked,128,Silver,https://www.backmarket.co.uk/en-gb/p/iphone-6s-128-gb-silver-unlocked/27155af3-3ed0-4913-9edb-0a0885c1cc1e,-1,189.00,-1,4.2,73,XTEC LTD,https://www.backmarket.co.uk/en-gb/s/xtec-ltd/0811094b-c0d5-4d0a-9b24-67ec1817e333
24_Nov_22,iPhone 12 Pro,iPhone 12 Pro 128 GB - Silver - Unlocked,128,Silver,https://www.backmarket.co.uk/en-gb/p/iphone-12-pro-128-gb-silver-unlocked/3cbf20e9-63de-4bc0-80c5-a3b5bcd5794c,437.55,524.19,600.00,4.3,270,Phones Direct UK,https://www.backmarket.co.uk/en-gb/s/phones-direct-uk/8e67e8fd-ad92-45e1-8584-66a4296a1d30
24_Nov_22,iPhone 12 Pro,iPhone 12 Pro 512 GB - Silver - Unlocked,512,Silver,https://www.backmarket.co.uk/en-gb/p/iphone-12-pro-512-gb-silver-unlocked/5bbdb839-fe7e-481e-b747-538a588b4636,536.20,596.60,-1,4.3,270,Phones Direct UK,https://www.backmarket.co.uk/en-gb/s/phones-direct-uk/8e67e8fd-ad92-45e1-8584-66a4296a1d30
24_Nov_22,iPhone 12 Pro,iPhone 12 Pro 256 GB - Silver - Unlocked,256,Silver,https://www.backmarket.co.uk/en-gb/p/iphone-12-pro-256-gb-silver-unlocked/fd2b3ffc-196f-48ff-a246-c7c368daf497,484.43,540.00,-1,4.3,270,Phones Direct UK,https://www.backmarket.co.uk/en-gb/s/phones-direct-uk/8e67e8fd-ad92-45e1-8584-66a4296a1d30
24_Nov_22,iPhone 8,iPhone 8 64 GB - Gold - Unlocked,64,Gold,https://www.backmarket.co.uk/en-gb/p/iphone-8-64-gb-gold-unlocked/245a1bee-5c59-4d02-9d94-533ffb6c4f00,135.00,148.74,143.54,4.4,457,Next Day Mobiles LTD,https://www.backmarket.co.uk/en-gb/s/next-day-mobiles-ltd/4b18f0ed-bb1b-4b2e-99e3-f1ec469fd09d
24_Nov_22,iPhone 8,iPhone 8 128 GB - Gold - Unlocked,128,Gold,https://www.backmarket.co.uk/en-gb/p/iphone-8-128-gb-gold-unlocked/d828a2aa-5eed-4c44-96eb-47b939b7891a,-1,-1,210.00,4.4,457,Londonmagicstore UK LTD,https://www.backmarket.co.uk/en-gb/s/londonmagicstore-uk-ltd/750857c9-9c5a-44b6-8914-7d43d3864c0d
24_Nov_22,iPhone 8,iPhone 8 256 GB - Gold - Unlocked,256,Gold,https://www.backmarket.co.uk/en-gb/p/iphone-8-256-gb-gold-unlocked/e95f1314-66c4-4caf-b41b-f47b25a2b259,188.00,198.00,230.00,4.4,457,musicMagpie,https://www.backmarket.co.uk/en-gb/s/musicmagpie/e42c730e-4957-4972-832d-a010e6490ad7
24_Nov_22,iPhone 7,iPhone 7 32 GB - Gold - Unlocked,32,Gold,https://www.backmarket.co.uk/en-gb/p/iphone-7-32-gb-gold-unlocked/3a555d3b-a7ec-49f2-a3f4-a0627fcbdd4a,96.60,99.62,110.00,4.1,275,Next Day Mobiles LTD,https://www.backmarket.co.uk/en-gb/s/next-day-mobiles-ltd/4b18f0ed-bb1b-4b2e-99e3-f1ec469fd09d
24_Nov_22,iPhone 7,iPhone 7 128 GB - Gold - Unlocked,128,Gold,https://www.backmarket.co.uk/en-gb/p/iphone-7-128-gb-gold-unlocked/5c41739e-9bc3-4fa3-b345-cca3a76e4b8c,108.51,123.88,129.00,4.1,275,MMAPHONESLTD,https://www.backmarket.co.uk/en-gb/s/mmaphonesltd/e015fdde-43ec-4196-bf57-40fce9aac878
24_Nov_22,iPhone 7,iPhone 7 256 GB - Gold - Unlocked,256,Gold,https://www.backmarket.co.uk/en-gb/p/iphone-7-256-gb-gold-unlocked/8545d0ca-a361-4e79-99a5-cf5df8086006,-1,-1,245.00,4.1,275,Regents Impex Ltd,https://www.backmarket.co.uk/en-gb/s/regents-impex-ltd/e19f6676-7687-4338-bc69-4028b803794b
24_Nov_22,iPhone 13 Pro,iPhone 13 Pro 128 GB - Graphite - Unlocked,128,Graphite,https://www.backmarket.co.uk/en-gb/p/iphone-13-pro-128-gb-graphite-unlocked/943afa80-1922-43de-a7d9-8c1b4294a727,699.88,750.86,808.89,4.5,191,musicMagpie,https://www.backmarket.co.uk/en-gb/s/musicmagpie/e42c730e-4957-4972-832d-a010e6490ad7
24_Nov_22,iPhone 13 Pro,iPhone 13 Pro 256 GB - Graphite - Unlocked,256,Graphite,https://www.backmarket.co.uk/en-gb/p/iphone-13-pro-256-gb-graphite-unlocked/23011c7e-5396-4453-a726-d689e095aa5c,736.44,808.01,999.00,4.5,191,musicMagpie,https://www.backmarket.co.uk/en-gb/s/musicmagpie/e42c730e-4957-4972-832d-a010e6490ad7
24_Nov_22,iPhone 13 Pro,iPhone 13 Pro 512 GB - Graphite - Unlocked,512,Graphite,https://www.backmarket.co.uk/en-gb/p/iphone-13-pro-512-gb-graphite-unlocked/8c24e75f-8ee4-4c25-8e36-bb1a666747b8,787.00,835.02,-1,4.5,191,musicMagpie,https://www.backmarket.co.uk/en-gb/s/musicmagpie/e42c730e-4957-4972-832d-a010e6490ad7
24_Nov_22,iPhone 13 Pro,iPhone 13 Pro 1000 GB - Graphite - Unlocked,1000,Graphite,https://www.backmarket.co.uk/en-gb/p/iphone-13-pro-1000-gb-graphite-unlocked/cfd58ffc-b2b6-4079-a216-f075cd26918f,851.79,"1,009.00","1,047.11",4.5,191,musicMagpie,https://www.backmarket.co.uk/en-gb/s/musicmagpie/e42c730e-4957-4972-832d-a010e6490ad7
24_Nov_22,iPhone 13,iPhone 13 128 GB - Red - Unlocked,128,Red,https://www.backmarket.co.uk/en-gb/p/iphone-13-128-gb-productred-unlocked/e621dc7f-2574-42f4-8e7d-220dcc6cc851,555.77,609.00,670.09,4.6,128,Phones Direct UK,https://www.backmarket.co.uk/en-gb/s/phones-direct-uk/8e67e8fd-ad92-45e1-8584-66a4296a1d30
24_Nov_22,iPhone 13,iPhone 13 256 GB - Red - Unlocked,256,Red,https://www.backmarket.co.uk/en-gb/p/iphone-13-256-gb-productred-unlocked/5532ef43-c5f1-41bf-8b9e-d3e659ab1424,799.00,-1,778.39,4.6,128,(NI) Britain Tech Ltd,https://www.backmarket.co.uk/en-gb/s/ni-britain-tech-ltd/dbe4c2c5-4300-4645-b103-1989a366b47c
24_Nov_22,iPhone 13,iPhone 13 512 GB - Starlight - Unlocked,512,Starlight,https://www.backmarket.co.uk/en-gb/p/iphone-13-512-gb-unlocked/81ab240b-44af-4bb1-a59a-1321ffdd74ba,-1,-1,875.00,4.6,128,Want a New Gadget,https://www.backmarket.co.uk/en-gb/s/want-a-new-gadget/327dc091-b378-4cc8-9034-5ab83a1232fb
24_Nov_22,iPhone 12 Pro,iPhone 12 Pro 128 GB - Pacific Blue - Unlocked,128,Pacific blue,https://www.backmarket.co.uk/en-gb/p/iphone-12-pro-128-gb-pacific-blue-unlocked/6cc9b52b-c002-4963-9655-cb567edd13a3,440.59,504.00,534.04,4.3,270,Phones Direct UK,https://www.backmarket.co.uk/en-gb/s/phones-direct-uk/8e67e8fd-ad92-45e1-8584-66a4296a1d30
24_Nov_22,iPhone 12 Pro,iPhone 12 Pro 256 GB - Pacific Blue - Unlocked,256,Pacific blue,https://www.backmarket.co.uk/en-gb/p/iphone-12-pro-256-gb-pacific-blue-unlocked/65b9f551-e429-483d-89ec-b66a453138be,477.89,532.04,618.66,4.3,270,Phones Direct UK,https://www.backmarket.co.uk/en-gb/s/phones-direct-uk/8e67e8fd-ad92-45e1-8584-66a4296a1d30
24_Nov_22,iPhone 12 Pro,iPhone 12 Pro 512 GB - Pacific Blue - Unlocked,512,Pacific blue,https://www.backmarket.co.uk/en-gb/p/iphone-12-pro-512-gb-pacific-blue-unlocked/7692f1a2-fd7d-4710-aec8-f07154d94eb9,514.56,610.00,709.00,4.3,270,Stock Must Go Ltd,https://www.backmarket.co.uk/en-gb/s/stock-must-go-ltd/301ff8d7-9cf7-40b4-9992-66e03c0b1fab
24_Nov_22,iPhone 7,iPhone 7 128 GB - Silver - Unlocked,128,Silver,https://www.backmarket.co.uk/en-gb/p/iphone-7-128-gb-silver-unlocked/926d06ec-42f5-474a-b6ff-2a79118e21c6,105.00,121.00,129.00,4.1,275,Next Day Mobiles LTD,https://www.backmarket.co.uk/en-gb/s/next-day-mobiles-ltd/4b18f0ed-bb1b-4b2e-99e3-f1ec469fd09d
24_Nov_22,iPhone 7,iPhone 7 32 GB - Silver - Unlocked,32,Silver,https://www.backmarket.co.uk/en-gb/p/iphone-7-32-gb-silver-unlocked/3d20d778-53d0-4c6d-aea0-41ff3d347ee5,87.30,96.04,111.60,4.1,275,Next Day Mobiles LTD,https://www.backmarket.co.uk/en-gb/s/next-day-mobiles-ltd/4b18f0ed-bb1b-4b2e-99e3-f1ec469fd09d
24_Nov_22,iPhone 7,iPhone 7 256 GB - Silver - Unlocked,256,Silver,https://www.backmarket.co.uk/en-gb/p/iphone-7-256-gb-silver-unlocked/e8a9150c-8127-44c6-a31c-c4c47cc8cafc,-1,129.99,249.00,4.1,275,GR Phones,https://www.backmarket.co.uk/en-gb/s/gr-phones/02aa17e8-75ff-442f-a09d-0590cc52b76a
24_Nov_22,iPhone 8 Plus,iPhone 8 Plus 64 GB - Silver - Unlocked,64,Silver,https://www.backmarket.co.uk/en-gb/p/iphone-8-plus-64-gb-silver-unlocked/0fdd2e59-8366-44b8-aa48-02738933b397,170.00,192.00,228.46,4.4,171,Phones Direct UK,https://www.backmarket.co.uk/en-gb/s/phones-direct-uk/8e67e8fd-ad92-45e1-8584-66a4296a1d30
24_Nov_22,iPhone 8 Plus,iPhone 8 Plus 128 GB - Silver - Unlocked,128,Silver,https://www.backmarket.co.uk/en-gb/p/iphone-8-plus-128-gb-silver-unlocked/31b45679-2f6e-4ae9-a13e-5f5a25a88408,-1,-1,297.00,4.4,171,Regents Impex Ltd,https://www.backmarket.co.uk/en-gb/s/regents-impex-ltd/e19f6676-7687-4338-bc69-4028b803794b
24_Nov_22,iPhone 8 Plus,iPhone 8 Plus 256 GB - (Product)Red - Unlocked,256,(PRODUCT)Red,https://www.backmarket.co.uk/en-gb/p/iphone-8-plus-256-gb-productred-unlocked/3eef769a-9c92-4a18-8115-013a13c5f270,-1,-1,392.00,4.4,171,Regents Impex Ltd,https://www.backmarket.co.uk/en-gb/s/regents-impex-ltd/e19f6676-7687-4338-bc69-4028b803794b
24_Nov_22,iPhone 12 Pro Max,iPhone 12 Pro Max 256 GB - Gold - Unlocked,256,Gold,https://www.backmarket.co.uk/en-gb/p/iphone-12-pro-max-256-gb-gold-unlocked/a5655b78-216a-499b-b9aa-fbcb4dbde194,560.30,650.00,689.86,4.2,197,Phones Direct UK,https://www.backmarket.co.uk/en-gb/s/phones-direct-uk/8e67e8fd-ad92-45e1-8584-66a4296a1d30
24_Nov_22,iPhone 12 Pro Max,iPhone 12 Pro Max 128 GB - Gold - Unlocked,128,Gold,https://www.backmarket.co.uk/en-gb/p/iphone-12-pro-max-128-gb-gold-unlocked/bcab50ce-1f30-4e13-a0eb-6dd7d98fefc5,540.55,564.03,613.60,4.2,197,Stock Must Go Ltd,https://www.backmarket.co.uk/en-gb/s/stock-must-go-ltd/301ff8d7-9cf7-40b4-9992-66e03c0b1fab
24_Nov_22,iPhone 12 Pro Max,iPhone 12 Pro Max 512 GB - Gold - Unlocked,512,Gold,https://www.backmarket.co.uk/en-gb/p/iphone-12-pro-max-512-gb-gold-unlocked/591820e4-914f-4b4a-811e-a0a6f79c2329,642.87,719.00,941.95,4.2,197,Stock Must Go Ltd,https://www.backmarket.co.uk/en-gb/s/stock-must-go-ltd/301ff8d7-9cf7-40b4-9992-66e03c0b1fab
24_Nov_22,iPhone 13 Pro,iPhone 13 Pro 128 GB - Gold - Unlocked,128,Gold,https://www.backmarket.co.uk/en-gb/p/iphone-13-pro-128-gb-gold-unlocked/66b5fd89-47d1-40e9-b219-16e464d8c6e1,688.88,695.48,780.17,4.5,191,Phones Direct UK,https://www.backmarket.co.uk/en-gb/s/phones-direct-uk/8e67e8fd-ad92-45e1-8584-66a4296a1d30
24_Nov_22,iPhone 13 Pro,iPhone 13 Pro 256 GB - Gold - Unlocked,256,Gold,https://www.backmarket.co.uk/en-gb/p/iphone-13-pro-256-gb-gold-unlocked/62ba5390-d2aa-4a8e-ae9c-23e0443fe229,712.60,801.65,-1,4.5,191,Tech Tiger Group LTD,https://www.backmarket.co.uk/en-gb/s/tech-tiger-group-ltd/452e5d75-c6cc-4e5a-9d04-ec1e5152a229
24_Nov_22,iPhone 13 Pro,iPhone 13 Pro 512 GB - Gold - Unlocked,512,Gold,https://www.backmarket.co.uk/en-gb/p/iphone-13-pro-512-gb-gold-unlocked/c8e053a6-8fc3-4daa-b208-362e838b74a7,860.00,"1,080.00","1,110.00",4.5,191,Stock Must Go Ltd,https://www.backmarket.co.uk/en-gb/s/stock-must-go-ltd/301ff8d7-9cf7-40b4-9992-66e03c0b1fab
24_Nov_22,iPhone 13 Pro,iPhone 13 Pro 1000 GB - Gold - Unlocked,1000,Gold,https://www.backmarket.co.uk/en-gb/p/iphone-13-pro-1000-gb-gold-unlocked/d5167769-a85a-415d-a5eb-0fa019416271,"1,085.00","1,009.00",-1,4.5,191,Loop Mobile,https://www.backmarket.co.uk/en-gb/s/loop-mobile/a7905780-155a-48a0-bdfd-149323f8cc21
24_Nov_22,iPhone 11,iPhone 11 64 GB - Purple - Unlocked,64,Purple,https://www.backmarket.co.uk/en-gb/p/iphone-11-64-gb-purple-unlocked/c6ea3e23-0e46-442e-a391-c08555d28f37,271.42,301.33,320.27,4.3,1650,WJD Repairs,https://www.backmarket.co.uk/en-gb/s/wjd-repairs/6ee42ea8-5802-4b81-bc58-598315fb1996
24_Nov_22,iPhone 11,iPhone 11 128 GB - Purple - Unlocked,128,Purple,https://www.backmarket.co.uk/en-gb/p/iphone-11-128-gb-purple-unlocked/b44e8378-424f-44a5-9e99-cb5b897895cd,298.40,359.96,352.11,4.3,1650,Stock Must Go Ltd,https://www.backmarket.co.uk/en-gb/s/stock-must-go-ltd/301ff8d7-9cf7-40b4-9992-66e03c0b1fab
24_Nov_22,iPhone 12,iPhone 12 64 GB - Purple - Unlocked,64,Purple,https://www.backmarket.co.uk/en-gb/p/iphone-12-64-gb-purple-unlocked/8a7c1cc3-2288-425b-aca1-ef05100414a0,404.00,424.00,526.42,4.2,509,Loop Mobile,https://www.backmarket.co.uk/en-gb/s/loop-mobile/a7905780-155a-48a0-bdfd-149323f8cc21
24_Nov_22,iPhone 11,iPhone 11 256 GB - Purple - Unlocked,256,Purple,https://www.backmarket.co.uk/en-gb/p/iphone-11-256-gb-purple-unlocked/9b8f4e2c-76b6-4087-80b5-16f698fb491c,380.00,449.00,390.81,4.3,1650,BEST4TECH,https://www.backmarket.co.uk/en-gb/s/best4tech/03d04c9d-a534-4648-89d7-f8718b022d3a
24_Nov_22,iPhone 12,iPhone 12 128 GB - Purple - Unlocked,128,Purple,https://www.backmarket.co.uk/en-gb/p/iphone-12-128-gb-purple-unlocked/83c3488e-d01c-4329-9f2e-949f7560631f,411.23,464.00,650.50,4.2,509,Mazuma,https://www.backmarket.co.uk/en-gb/s/mazuma/47fc1be5-f8f6-4a6a-95d7-acccf733cc00
24_Nov_22,iPhone 12,iPhone 12 256 GB - Purple - Unlocked,256,Purple,https://www.backmarket.co.uk/en-gb/p/iphone-12-256-gb-purple-unlocked/bdef7717-ff58-431a-a8e2-3afcc93409e6,477.19,763.60,737.50,4.2,508,Mobile Crazy Limited,https://www.backmarket.co.uk/en-gb/s/mobile-crazy-limited/4a94e3b5-42b1-4bca-be1e-d2bbcaf35864
24_Nov_22,iPhone 13,iPhone 13 128 GB - Starlight - Unlocked,128,Starlight,https://www.backmarket.co.uk/en-gb/p/iphone-13-128-gb-unlocked/ec975bb8-df95-43a5-b04d-de63378f4a12,556.28,687.37,675.00,4.6,128,Stock Must Go Ltd,https://www.backmarket.co.uk/en-gb/s/stock-must-go-ltd/301ff8d7-9cf7-40b4-9992-66e03c0b1fab
24_Nov_22,iPhone 13,iPhone 13 256 GB - Starlight - Unlocked,256,Starlight,https://www.backmarket.co.uk/en-gb/p/iphone-13-256-gb-unlocked/58c0e06e-f4b5-4553-a0a2-1f2a5d1da186,-1,709.99,807.10,4.6,128,Mazuma,https://www.backmarket.co.uk/en-gb/s/mazuma/47fc1be5-f8f6-4a6a-95d7-acccf733cc00
24_Nov_22,iPhone 13,iPhone 13 128 GB - Green - Unlocked,128,Green,https://www.backmarket.co.uk/en-gb/p/iphone-13-128-gb-green-unlocked/0d36dce6-d7ce-4356-9763-c4677879cb02,-1,-1,679.25,4.6,128,Mazuma,https://www.backmarket.co.uk/en-gb/s/mazuma/47fc1be5-f8f6-4a6a-95d7-acccf733cc00
24_Nov_22,iPhone 13,iPhone 13 256 GB - Green - Unlocked,256,Green,https://www.backmarket.co.uk/en-gb/p/iphone-13-256-gb-green-unlocked/6b725a0e-3c5c-4ac4-bcbb-6081176ffdee,799.00,-1,-1,4.6,128,Stock Must Go Ltd,https://www.backmarket.co.uk/en-gb/s/stock-must-go-ltd/301ff8d7-9cf7-40b4-9992-66e03c0b1fab
24_Nov_22,iPhone 6S,iPhone 6S 16 GB - Rose Gold - Unlocked,16,Rose Gold,https://www.backmarket.co.uk/en-gb/p/iphone-6s-16-gb-rose-gold-unlocked/0c4d277e-352a-4783-aec1-ceece27a5910,77.99,-1,-1,4.2,73,GR Phones,https://www.backmarket.co.uk/en-gb/s/gr-phones/02aa17e8-75ff-442f-a09d-0590cc52b76a
24_Nov_22,iPhone 6S,iPhone 6S 32 GB - Rose Gold - Unlocked,32,Rose Gold,https://www.backmarket.co.uk/en-gb/p/iphone-6s-32-gb-rose-gold-unlocked/c921afde-91f5-48e8-8e48-b44b3d29db57,-1,120.00,-1,4.2,73,Cell Market Ltd,https://www.backmarket.co.uk/en-gb/s/cell-market-ltd/15d522d9-088e-4e58-a022-7813844a0ce2
24_Nov_22,iPhone 6S,iPhone 6S 64 GB - Rose Gold - Unlocked,64,Rose Gold,https://www.backmarket.co.uk/en-gb/p/iphone-6s-64-gb-rose-gold-unlocked/d45357e3-c33a-4023-b871-af3a84db6ef3,97.73,-1,170.00,4.2,73,Stock Must Go Ltd,https://www.backmarket.co.uk/en-gb/s/stock-must-go-ltd/301ff8d7-9cf7-40b4-9992-66e03c0b1fab
24_Nov_22,iPhone 11 Pro Max,iPhone 11 Pro Max 64 GB - Silver - Unlocked,64,Silver,https://www.backmarket.co.uk/en-gb/p/iphone-11-pro-max-64-gb-silver-unlocked/b4be0170-a82a-484f-ac40-bd0567d2926f,358.82,389.89,449.99,4.2,325,Stock Must Go Ltd,https://www.backmarket.co.uk/en-gb/s/stock-must-go-ltd/301ff8d7-9cf7-40b4-9992-66e03c0b1fab
24_Nov_22,iPhone 11 Pro Max,iPhone 11 Pro Max 256 GB - Silver - Unlocked,256,Silver,https://www.backmarket.co.uk/en-gb/p/iphone-11-pro-max-256-gb-silver-unlocked/740b5b2e-9f88-44b7-93b7-8261916be166,423.55,448.94,539.99,4.2,325,musicMagpie,https://www.backmarket.co.uk/en-gb/s/musicmagpie/e42c730e-4957-4972-832d-a010e6490ad7
24_Nov_22,iPhone 11 Pro Max,iPhone 11 Pro Max 512 GB - Silver - Unlocked,512,Silver,https://www.backmarket.co.uk/en-gb/p/iphone-11-pro-max-512-gb-silver-unlocked/68bcf7c1-6582-41ac-81e8-4fecc98bd6ba,489.00,530.00,579.99,4.2,325,WJD Repairs,https://www.backmarket.co.uk/en-gb/s/wjd-repairs/6ee42ea8-5802-4b81-bc58-598315fb1996
24_Nov_22,iPhone 13 Pro,iPhone 13 Pro 128 GB - Silver - Unlocked,128,Silver,https://www.backmarket.co.uk/en-gb/p/iphone-13-pro-128-gb-gold-unlocked/9d30a67d-26d0-4324-833e-60e73682f4cd,696.90,730.00,802.00,4.5,191,Want a New Gadget,https://www.backmarket.co.uk/en-gb/s/want-a-new-gadget/327dc091-b378-4cc8-9034-5ab83a1232fb
24_Nov_22,iPhone 13 Pro,iPhone 13 Pro 256 GB - Silver - Unlocked,256,Silver,https://www.backmarket.co.uk/en-gb/p/iphone-13-pro-256-gb-gold-unlocked/9a6ca30b-05f7-4a92-8165-c701c6913f5d,768.00,809.00,880.00,4.5,191,musicMagpie,https://www.backmarket.co.uk/en-gb/s/musicmagpie/e42c730e-4957-4972-832d-a010e6490ad7
24_Nov_22,iPhone 13 Pro,iPhone 13 Pro 512 GB - Silver - Unlocked,512,Silver,https://www.backmarket.co.uk/en-gb/p/iphone-13-pro-512-gb-gold-unlocked/e04b1489-f2ad-4eb9-816c-dd76bc24f6a8,745.07,855.88,-1,4.5,191,Stock Must Go Ltd,https://www.backmarket.co.uk/en-gb/s/stock-must-go-ltd/301ff8d7-9cf7-40b4-9992-66e03c0b1fab
24_Nov_22,iPhone 13 Pro,iPhone 13 Pro 1000 GB - Silver - Unlocked,1000,Silver,https://www.backmarket.co.uk/en-gb/p/iphone-13-pro-1000-gb-gold-unlocked/54a9246d-4935-429f-91cb-ac31531c9960,959.00,"1,009.00",-1,4.5,191,Loop Mobile,https://www.backmarket.co.uk/en-gb/s/loop-mobile/a7905780-155a-48a0-bdfd-149323f8cc21
24_Nov_22,iPhone 13 mini,iPhone 13 mini 128 GB - Midnight - Unlocked,128,Midnight,https://www.backmarket.co.uk/en-gb/p/iphone-13-mini-128-gb-unlocked/cba4e2f6-9b0d-4fb0-af0d-3e8d9e7ad6ac,525.00,538.18,556.91,4.8,47,musicMagpie,https://www.backmarket.co.uk/en-gb/s/musicmagpie/e42c730e-4957-4972-832d-a010e6490ad7
24_Nov_22,iPhone 13 mini,iPhone 13 mini 256 GB - Midnight - Unlocked,256,Midnight,https://www.backmarket.co.uk/en-gb/p/iphone-13-mini-256-gb-unlocked/152b5158-1407-4949-a976-e04012f93f2b,-1,694.05,674.99,4.8,47,Mazuma,https://www.backmarket.co.uk/en-gb/s/mazuma/47fc1be5-f8f6-4a6a-95d7-acccf733cc00
24_Nov_22,iPhone 11,iPhone 11 64 GB - Red - Unlocked,64,Red,https://www.backmarket.co.uk/en-gb/p/iphone-11-64-gb-red-unlocked/701179ec-a741-4ab7-bdf8-5a08bb59dd90,255.76,295.93,306.46,4.3,1650,Mobile Crazy Limited,https://www.backmarket.co.uk/en-gb/s/mobile-crazy-limited/4a94e3b5-42b1-4bca-be1e-d2bbcaf35864
24_Nov_22,iPhone 11,iPhone 11 128 GB - Red - Unlocked,128,Red,https://www.backmarket.co.uk/en-gb/p/iphone-11-128-gb-red-unlocked/fbf55c31-0707-495d-82f6-3f77c40b9eec,284.14,340.00,366.30,4.3,1650,Stock Must Go Ltd,https://www.backmarket.co.uk/en-gb/s/stock-must-go-ltd/301ff8d7-9cf7-40b4-9992-66e03c0b1fab
24_Nov_22,iPhone 11,iPhone 11 256 GB - Red - Unlocked,256,Red,https://www.backmarket.co.uk/en-gb/p/iphone-11-256-gb-red-unlocked/71b7d300-1094-492d-8895-ffd09d0d8126,326.25,352.00,-1,4.3,1650,BEST4TECH,https://www.backmarket.co.uk/en-gb/s/best4tech/03d04c9d-a534-4648-89d7-f8718b022d3a
24_Nov_22,iPhone 11 Pro Max,iPhone 11 Pro Max 64 GB - Gold - Unlocked,64,Gold,https://www.backmarket.co.uk/en-gb/p/iphone-11-pro-max-64-gb-gold-unlocked/e950ab8a-c1b4-4174-807d-98a9db6e2a6c,349.39,384.99,428.80,4.2,325,Stock Must Go Ltd,https://www.backmarket.co.uk/en-gb/s/stock-must-go-ltd/301ff8d7-9cf7-40b4-9992-66e03c0b1fab
24_Nov_22,iPhone 11 Pro Max,iPhone 11 Pro Max 256 GB - Gold - Unlocked,256,Gold,https://www.backmarket.co.uk/en-gb/p/iphone-11-pro-max-256-gb-gold-unlocked/829cf227-3cb0-41ba-8ff3-e08dba8a0e98,402.00,436.01,501.43,4.2,325,Stock Must Go Ltd,https://www.backmarket.co.uk/en-gb/s/stock-must-go-ltd/301ff8d7-9cf7-40b4-9992-66e03c0b1fab
24_Nov_22,iPhone 13 mini,iPhone 13 mini 512 GB - Midnight - Unlocked,512,Midnight,https://www.backmarket.co.uk/en-gb/p/iphone-13-mini-512-gb-unlocked/7f1b1e85-d352-41a6-9386-20d1b9aab87b,-1,800.00,-1,4.8,47,(NI) Britain Tech Ltd,https://www.backmarket.co.uk/en-gb/s/ni-britain-tech-ltd/dbe4c2c5-4300-4645-b103-1989a366b47c
24_Nov_22,iPhone 11 Pro Max,iPhone 11 Pro Max 512 GB - Gold - Unlocked,512,Gold,https://www.backmarket.co.uk/en-gb/p/iphone-11-pro-max-512-gb-gold-unlocked/a477d6ac-8ad0-4b52-aa28-3dc058ddb51b,414.99,514.99,569.99,4.2,325,Phones Direct UK,https://www.backmarket.co.uk/en-gb/s/phones-direct-uk/8e67e8fd-ad92-45e1-8584-66a4296a1d30
24_Nov_22,iPhone 11,iPhone 11 64 GB - Yellow - Unlocked,64,Yellow,https://www.backmarket.co.uk/en-gb/p/iphone-11-64-gb-yellow-unlocked/7ef0a33a-f74f-49e9-aa3d-6611d4d43ead,267.46,296.62,323.10,4.3,1650,BEST4TECH,https://www.backmarket.co.uk/en-gb/s/best4tech/03d04c9d-a534-4648-89d7-f8718b022d3a
24_Nov_22,iPhone 11,iPhone 11 128 GB - Yellow - Unlocked,128,Yellow,https://www.backmarket.co.uk/en-gb/p/iphone-11-128-gb-yellow-unlocked/4b705367-37ed-42e7-b642-ff30c2a1cb71,289.66,366.04,358.01,4.3,1650,BEST4TECH,https://www.backmarket.co.uk/en-gb/s/best4tech/03d04c9d-a534-4648-89d7-f8718b022d3a
24_Nov_22,iPhone 11,iPhone 11 256 GB - Yellow - Unlocked,256,Yellow,https://www.backmarket.co.uk/en-gb/p/iphone-11-256-gb-yellow-unlocked/574ca178-8518-4d8c-8ba2-c95aac037b6a,332.81,374.14,-1,4.3,1650,BEST4TECH,https://www.backmarket.co.uk/en-gb/s/best4tech/03d04c9d-a534-4648-89d7-f8718b022d3a
24_Nov_22,iPhone 11 Pro,iPhone 11 Pro 64 GB - Midnight Green - Unlocked,64,Midnight green,https://www.backmarket.co.uk/en-gb/p/iphone-11-pro-64-gb-midnight-green-unlocked/b35cbbcd-fce1-4dc2-92da-00296472aaf4,311.75,344.90,385.10,4.1,440,Loop Mobile,https://www.backmarket.co.uk/en-gb/s/loop-mobile/a7905780-155a-48a0-bdfd-149323f8cc21
24_Nov_22,iPhone 11 Pro,iPhone 11 Pro 256 GB - Midnight Green - Unlocked,256,Midnight green,https://www.backmarket.co.uk/en-gb/p/iphone-11-pro-256-gb-midnight-green-unlocked/a998bc4e-a6ae-49ad-bfe0-298b68630d06,360.48,427.00,437.22,4.1,440,Loop Mobile,https://www.backmarket.co.uk/en-gb/s/loop-mobile/a7905780-155a-48a0-bdfd-149323f8cc21
24_Nov_22,iPhone 12 mini,iPhone 12 mini 64 GB - Blue - Unlocked,64,Blue,https://www.backmarket.co.uk/en-gb/p/iphone-12-mini-64-gb-blue-unlocked/463cf129-36b9-4abf-971b-c23391ca5800,325.18,339.88,390.00,4.3,206,Phones Direct UK,https://www.backmarket.co.uk/en-gb/s/phones-direct-uk/8e67e8fd-ad92-45e1-8584-66a4296a1d30
24_Nov_22,iPhone 11 Pro,iPhone 11 Pro 512 GB - Midnight Green - Unlocked,512,Midnight green,https://www.backmarket.co.uk/en-gb/p/iphone-11-pro-512-gb-midnight-green-unlocked/1819db12-cfca-4ec6-bc62-b8abd1c1dcef,398.00,416.47,-1,4.1,440,musicMagpie,https://www.backmarket.co.uk/en-gb/s/musicmagpie/e42c730e-4957-4972-832d-a010e6490ad7
24_Nov_22,iPhone 12 mini,iPhone 12 mini 128 GB - Blue - Unlocked,128,Blue,https://www.backmarket.co.uk/en-gb/p/iphone-12-mini-128-gb-blue-unlocked/5f5e9d5b-aff6-4a52-86ac-1aef2e4a9117,375.17,430.00,424.06,4.3,206,SmartFoneStoreUK,https://www.backmarket.co.uk/en-gb/s/smartfonestoreuk/b4aca31f-556b-472b-b737-206a2d1d9a82
24_Nov_22,iPhone 12 mini,iPhone 12 mini 256 GB - Blue - Unlocked,256,Blue,https://www.backmarket.co.uk/en-gb/p/iphone-12-mini-256-gb-blue-unlocked/526f50df-4933-4fd4-9789-213063e3b3db,396.12,479.00,519.00,4.3,206,Phones Direct UK,https://www.backmarket.co.uk/en-gb/s/phones-direct-uk/8e67e8fd-ad92-45e1-8584-66a4296a1d30
24_Nov_22,iPhone 12 mini,iPhone 12 mini 64 GB - White - Unlocked,64,White,https://www.backmarket.co.uk/en-gb/p/iphone-12-mini-64-gb-white-unlocked/45ee82f0-6e1c-42e7-90fc-69337d58b712,324.05,334.62,359.08,4.3,206,Phones Direct UK,https://www.backmarket.co.uk/en-gb/s/phones-direct-uk/8e67e8fd-ad92-45e1-8584-66a4296a1d30
24_Nov_22,iPhone 12 mini,iPhone 12 mini 128 GB - White - Unlocked,128,White,https://www.backmarket.co.uk/en-gb/p/iphone-12-mini-128-gb-white-unlocked/630c0451-cfb9-42f3-b296-f2837e01daeb,394.76,444.00,395.25,4.3,206,Buyur,https://www.backmarket.co.uk/en-gb/s/buyur/850616f1-61f6-45d8-9f1b-7b372b42b727
24_Nov_22,iPhone 12 mini,iPhone 12 mini 256 GB - White - Unlocked,256,White,https://www.backmarket.co.uk/en-gb/p/iphone-12-mini-256-gb-white-unlocked/69367c09-a621-4c1d-9929-055097ca2da0,405.00,469.00,519.99,4.3,206,Stock Must Go Ltd,https://www.backmarket.co.uk/en-gb/s/stock-must-go-ltd/301ff8d7-9cf7-40b4-9992-66e03c0b1fab
24_Nov_22,iPhone 7,iPhone 7 32 GB - Black - Unlocked,32,Black,https://www.backmarket.co.uk/en-gb/p/iphone-7-32-gb-black-unlocked/c4743a09-625c-4304-9ef1-9a51aa59b634,83.05,90.23,121.92,4.1,275,BEST4TECH,https://www.backmarket.co.uk/en-gb/s/best4tech/03d04c9d-a534-4648-89d7-f8718b022d3a
24_Nov_22,iPhone 7,iPhone 7 128 GB - Black - Unlocked,128,Black,https://www.backmarket.co.uk/en-gb/p/iphone-7-128-gb-black-unlocked/0db0c960-c786-45e5-b530-2c40be84b0ef,103.72,110.00,116.29,4.1,275,BEST4TECH,https://www.backmarket.co.uk/en-gb/s/best4tech/03d04c9d-a534-4648-89d7-f8718b022d3a
24_Nov_22,iPhone 7,iPhone 7 256 GB - Black - Unlocked,256,Black,https://www.backmarket.co.uk/en-gb/p/iphone-7-256-gb-black-unlocked/a3b552e4-0a06-4ce4-b058-65c34948b982,-1,161.00,247.00,4.1,275,Gecko Mobile Shop,https://www.backmarket.co.uk/en-gb/s/gecko-mobile-shop/2d086dda-0694-472b-bc01-e5c2923b68a2
24_Nov_22,iPhone 11,iPhone 11 64 GB - Green - Unlocked,64,Green,https://www.backmarket.co.uk/en-gb/p/iphone-11-64-gb-green-unlocked/bc539c8b-2353-4bb8-af5a-d1cdf70b8c63,260.00,296.72,323.02,4.3,1650,BEST4TECH,https://www.backmarket.co.uk/en-gb/s/best4tech/03d04c9d-a534-4648-89d7-f8718b022d3a
24_Nov_22,iPhone 11,iPhone 11 128 GB - Green - Unlocked,128,Green,https://www.backmarket.co.uk/en-gb/p/iphone-11-128-gb-green-unlocked/aeab67aa-5c4e-4025-8fef-3c34dc2ff2de,296.66,350.39,356.56,4.3,1650,BEST4TECH,https://www.backmarket.co.uk/en-gb/s/best4tech/03d04c9d-a534-4648-89d7-f8718b022d3a
24_Nov_22,iPhone 11,iPhone 11 256 GB - Green - Unlocked,256,Green,https://www.backmarket.co.uk/en-gb/p/iphone-11-256-gb-green-unlocked/616da0c1-7404-43a9-a8af-7ea24366fd29,363.00,472.00,430.00,4.3,1650,WJD Repairs,https://www.backmarket.co.uk/en-gb/s/wjd-repairs/6ee42ea8-5802-4b81-bc58-598315fb1996
24_Nov_22,iPhone 13 Pro,iPhone 13 Pro 128 GB - Sierra Blue - Unlocked,128,Sierra blue,https://www.backmarket.co.uk/en-gb/p/iphone-13-pro-128-gb-sierra-blue-unlocked/f597a490-5e4c-450c-88a8-14be4d46f9c1,689.66,730.00,790.48,4.5,191,musicMagpie,https://www.backmarket.co.uk/en-gb/s/musicmagpie/e42c730e-4957-4972-832d-a010e6490ad7
24_Nov_22,iPhone 13 Pro,iPhone 13 Pro 256 GB - Sierra Blue - Unlocked,256,Sierra blue,https://www.backmarket.co.uk/en-gb/p/iphone-13-pro-256-gb-sierra-blue-unlocked/6741de0a-127a-4f21-8103-0cd77abb8574,748.00,802.33,867.79,4.5,191,musicMagpie,https://www.backmarket.co.uk/en-gb/s/musicmagpie/e42c730e-4957-4972-832d-a010e6490ad7
24_Nov_22,iPhone 13 Pro,iPhone 13 Pro 512 GB - Sierra Blue - Unlocked,512,Sierra blue,https://www.backmarket.co.uk/en-gb/p/iphone-13-pro-512-gb-sierra-blue-unlocked/c29f3de9-6589-4df7-9d12-fe7bf6746759,729.28,839.21,"1,000.00",4.5,191,Click and Get,https://www.backmarket.co.uk/en-gb/s/click-and-get/5a1669b3-fee2-476c-81fd-8cf959ff36ae
24_Nov_22,iPhone 13 Pro,iPhone 13 Pro 1000 GB - Sierra Blue - Unlocked,1000,Sierra blue,https://www.backmarket.co.uk/en-gb/p/iphone-13-pro-1000-gb-sierra-blue-unlocked/1080f60b-6d16-4280-83a1-2f920327043f,846.53,918.82,"1,021.00",4.5,191,Stock Must Go Ltd,https://www.backmarket.co.uk/en-gb/s/stock-must-go-ltd/301ff8d7-9cf7-40b4-9992-66e03c0b1fab
24_Nov_22,iPhone 11,iPhone 11 64 GB - White - Unlocked,64,White,https://www.backmarket.co.uk/en-gb/p/iphone-11-64-gb-white-unlocked/78c89984-2b2f-4a01-abed-5a9ea8205ea0,267.46,296.62,313.75,4.3,1650,BEST4TECH,https://www.backmarket.co.uk/en-gb/s/best4tech/03d04c9d-a534-4648-89d7-f8718b022d3a
24_Nov_22,iPhone 11,iPhone 11 128 GB - White - Unlocked,128,White,https://www.backmarket.co.uk/en-gb/p/iphone-11-128-gb-white-unlocked/41e0c250-a4ef-4e06-bd42-f8b7f9701c20,297.45,326.74,374.64,4.3,1650,BEST4TECH,https://www.backmarket.co.uk/en-gb/s/best4tech/03d04c9d-a534-4648-89d7-f8718b022d3a
24_Nov_22,iPhone 11,iPhone 11 256 GB - White - Unlocked,256,White,https://www.backmarket.co.uk/en-gb/p/iphone-11-256-gb-white-unlocked/1dbbb866-d798-4cb9-b72e-ac0cee641d0b,327.14,389.00,402.08,4.3,1650,BEST4TECH,https://www.backmarket.co.uk/en-gb/s/best4tech/03d04c9d-a534-4648-89d7-f8718b022d3a
24_Nov_22,iPhone 6S,iPhone 6S 16 GB - Gold - Unlocked,16,Gold,https://www.backmarket.co.uk/en-gb/p/iphone-6s-16-gb-gold-unlocked/bb49fecc-745a-4f4a-8999-d026a9c085c7,-1,-1,149.00,4.2,73,Refurb Phone,https://www.backmarket.co.uk/en-gb/s/refurb-phone/fa746e25-afeb-452a-9b41-b8f41ea70575
24_Nov_22,iPhone 6S,iPhone 6S 32 GB - Gold - Unlocked,32,Gold,https://www.backmarket.co.uk/en-gb/p/iphone-6s-32-gb-gold-unlocked/512d21ff-a3e0-4b61-810f-9c5ada85f4bc,89.00,138.00,-1,4.2,73,Stock Must Go Ltd,https://www.backmarket.co.uk/en-gb/s/stock-must-go-ltd/301ff8d7-9cf7-40b4-9992-66e03c0b1fab
24_Nov_22,iPhone 6S,iPhone 6S 64 GB - Gold - Unlocked,64,Gold,https://www.backmarket.co.uk/en-gb/p/iphone-6s-64-gb-gold-unlocked/5e793112-342c-43da-8349-b096cecf7b97,-1,-1,178.00,4.2,73,Want a New Gadget,https://www.backmarket.co.uk/en-gb/s/want-a-new-gadget/327dc091-b378-4cc8-9034-5ab83a1232fb
24_Nov_22,iPhone 6S,iPhone 6S 128 GB - Gold - Unlocked,128,Gold,https://www.backmarket.co.uk/en-gb/p/iphone-6s-128-gb-gold-unlocked/2dcb2845-131d-4892-942b-fe2357ca5f27,-1,150.00,-1,4.2,73,Cell Market Ltd,https://www.backmarket.co.uk/en-gb/s/cell-market-ltd/15d522d9-088e-4e58-a022-7813844a0ce2
24_Nov_22,iPhone 13 mini,iPhone 13 mini 128 GB - Blue - Unlocked,128,Blue,https://www.backmarket.co.uk/en-gb/p/iphone-13-mini-128-gb-blue-unlocked/89e87dd7-d5b3-44dc-8972-c370c31bd6e6,-1,594.00,590.00,4.8,47,Uber Link Ltd,https://www.backmarket.co.uk/en-gb/s/uber-link-ltd/616e236f-a83e-46c0-827d-c05f4740b8fa
24_Nov_22,iPhone 13 mini,iPhone 13 mini 256 GB - Blue - Unlocked,256,Blue,https://www.backmarket.co.uk/en-gb/p/iphone-13-mini-256-gb-blue-unlocked/a47e8889-ee72-47fc-b0d2-21b0887903f6,675.00,-1,700.00,4.8,47,(NI) Britain Tech Ltd,https://www.backmarket.co.uk/en-gb/s/ni-britain-tech-ltd/dbe4c2c5-4300-4645-b103-1989a366b47c
24_Nov_22,iPhone 13 mini,iPhone 13 mini 512 GB - Blue - Unlocked,512,Blue,https://www.backmarket.co.uk/en-gb/p/iphone-13-mini-512-gb-blue-unlocked/d6d3cb08-5785-4e42-a3bb-f6c1e61718c1,-1,815.00,-1,4.8,47,(NI) Britain Tech Ltd,https://www.backmarket.co.uk/en-gb/s/ni-britain-tech-ltd/dbe4c2c5-4300-4645-b103-1989a366b47c
24_Nov_22,iPhone 13 Pro Max,iPhone 13 Pro Max 128 GB - Silver - Unlocked,128,Silver,https://www.backmarket.co.uk/en-gb/p/iphone-13-pro-max-128-gb-silver-unlocked/d1dc3338-2bb0-40ab-b74f-e76788ea02d4,766.36,884.00,914.54,4.5,158,Stock Must Go Ltd,https://www.backmarket.co.uk/en-gb/s/stock-must-go-ltd/301ff8d7-9cf7-40b4-9992-66e03c0b1fab
24_Nov_22,iPhone 13 Pro Max,iPhone 13 Pro Max 256 GB - Silver - Unlocked,256,Silver,https://www.backmarket.co.uk/en-gb/p/iphone-13-pro-max-256-gb-silver-unlocked/9fc0c813-9ef3-4a52-918b-e719c733bd69,855.00,914.00,950.00,4.5,158,musicMagpie,https://www.backmarket.co.uk/en-gb/s/musicmagpie/e42c730e-4957-4972-832d-a010e6490ad7
24_Nov_22,iPhone 13 Pro Max,iPhone 13 Pro Max 512 GB - Silver - Unlocked,512,Silver,https://www.backmarket.co.uk/en-gb/p/iphone-13-pro-max-512-gb-silver-unlocked/b9c65b50-3eca-4e6c-8c2b-0e5635893680,849.44,982.00,"1,115.00",4.5,158,Stock Must Go Ltd,https://www.backmarket.co.uk/en-gb/s/stock-must-go-ltd/301ff8d7-9cf7-40b4-9992-66e03c0b1fab
24_Nov_22,iPhone 13 Pro Max,iPhone 13 Pro Max 1000 GB - Silver - Unlocked,1000,Silver,https://www.backmarket.co.uk/en-gb/p/iphone-13-pro-max-1000-gb-silver-unlocked/2b172839-ecc5-43b7-b52e-f01aded97ddc,914.00,"1,031.00","1,215.00",4.5,158,musicMagpie,https://www.backmarket.co.uk/en-gb/s/musicmagpie/e42c730e-4957-4972-832d-a010e6490ad7
24_Nov_22,iPhone 8,iPhone 8 64 GB - Space Gray - Unlocked,64,Space Gray,https://www.backmarket.co.uk/en-gb/p/iphone-8-64-gb-space-gray-unlocked/3216e0c7-ba9a-43fa-9d42-0912eb92875c,128.45,149.48,149.44,4.4,457,Phones Direct UK,https://www.backmarket.co.uk/en-gb/s/phones-direct-uk/8e67e8fd-ad92-45e1-8584-66a4296a1d30
24_Nov_22,iPhone 8,iPhone 8 128 GB - Space Gray - Unlocked,128,Space Gray,https://www.backmarket.co.uk/en-gb/p/iphone-8-128-gb-space-gray-unlocked/32e68609-2d7d-4581-a2fa-62918ee1ef45,159.00,-1,214.99,4.4,457,Stock Must Go Ltd,https://www.backmarket.co.uk/en-gb/s/stock-must-go-ltd/301ff8d7-9cf7-40b4-9992-66e03c0b1fab
24_Nov_22,iPhone 8,iPhone 8 256 GB - Space Gray - Unlocked,256,Space Gray,https://www.backmarket.co.uk/en-gb/p/iphone-8-256-gb-space-gray-unlocked/8fb257cd-491d-458f-95ea-c02eba4126d0,153.92,190.00,230.00,4.4,457,GR Phones,https://www.backmarket.co.uk/en-gb/s/gr-phones/02aa17e8-75ff-442f-a09d-0590cc52b76a
24_Nov_22,iPhone SE (2022),iPhone SE (2022) 64 GB - Red - Unlocked,64,Red,https://www.backmarket.co.uk/en-gb/p/iphone-se-2022-64-gb-productred-unlocked/8f18cc1f-25de-41ca-a9ad-181eb590b818,-1,-1,390.00,4.5,45,JFX GLOBAL LTD,https://www.backmarket.co.uk/en-gb/s/jfx-global-ltd/91f99782-ae70-47dc-a121-4e077bf11211
24_Nov_22,iPhone SE (2022),iPhone SE (2022) 128 GB - Midnight - Unlocked,128,Midnight,https://www.backmarket.co.uk/en-gb/p/iphone-se-2022-128-gb-midnight-unlocked/f0092b20-534e-412c-88fc-becc5fa01d0a,-1,389.99,-1,4.5,45,Mazuma,https://www.backmarket.co.uk/en-gb/s/mazuma/47fc1be5-f8f6-4a6a-95d7-acccf733cc00
24_Nov_22,iPhone XR,iPhone XR 64 GB - Yellow - Unlocked,64,Yellow,https://www.backmarket.co.uk/en-gb/p/iphone-xr-64-gb-yellow-unlocked/b75f5a6b-7ec9-4d8f-97ff-578b1e86fa68,250.00,230.00,250.00,4.4,691,BEST4TECH,https://www.backmarket.co.uk/en-gb/s/best4tech/03d04c9d-a534-4648-89d7-f8718b022d3a
24_Nov_22,iPhone XR,iPhone XR 128 GB - Yellow - Unlocked,128,Yellow,https://www.backmarket.co.uk/en-gb/p/iphone-xr-128-gb-yellow-unlocked/290214d1-607b-4539-a8e4-622a32a304ec,277.00,-1,313.00,4.4,691,musicMagpie,https://www.backmarket.co.uk/en-gb/s/musicmagpie/e42c730e-4957-4972-832d-a010e6490ad7
24_Nov_22,iPhone XR,iPhone XR 64 GB - Blue - Unlocked,64,Blue,https://www.backmarket.co.uk/en-gb/p/iphone-xr-64-gb-blue-unlocked/1c738771-4d39-4acf-9b54-52e0a3fad0df,199.00,229.00,256.26,4.4,691,Stock Must Go Ltd,https://www.backmarket.co.uk/en-gb/s/stock-must-go-ltd/301ff8d7-9cf7-40b4-9992-66e03c0b1fab
24_Nov_22,iPhone XR,iPhone XR 128 GB - Blue - Unlocked,128,Blue,https://www.backmarket.co.uk/en-gb/p/iphone-xr-128-gb-blue-unlocked/a95ee4fa-2069-4d39-b537-c1fd085d7bed,240.00,279.99,281.41,4.4,691,BEST4TECH,https://www.backmarket.co.uk/en-gb/s/best4tech/03d04c9d-a534-4648-89d7-f8718b022d3a
24_Nov_22,iPhone XR,iPhone XR 256 GB - Blue - Unlocked,256,Blue,https://www.backmarket.co.uk/en-gb/p/iphone-xr-256-gb-blue-unlocked/c6762477-f8e8-4853-96b7-aefa14167271,284.00,265.09,-1,4.4,691,Phones Direct UK,https://www.backmarket.co.uk/en-gb/s/phones-direct-uk/8e67e8fd-ad92-45e1-8584-66a4296a1d30
24_Nov_22,iPhone 13 Pro Max,iPhone 13 Pro Max 128 GB - Gold - Unlocked,128,Gold,https://www.backmarket.co.uk/en-gb/p/iphone-13-pro-max-128-gb-gold-unlocked/6283d6f1-7102-43f0-a884-c2615b13d96d,769.42,837.29,888.64,4.5,158,Buyur,https://www.backmarket.co.uk/en-gb/s/buyur/850616f1-61f6-45d8-9f1b-7b372b42b727
24_Nov_22,iPhone 13 Pro Max,iPhone 13 Pro Max 256 GB - Gold - Unlocked,256,Gold,https://www.backmarket.co.uk/en-gb/p/iphone-13-pro-max-256-gb-gold-unlocked/c1068b63-7489-4b70-af99-c36aec5badae,855.00,934.00,"1,020.00",4.5,158,musicMagpie,https://www.backmarket.co.uk/en-gb/s/musicmagpie/e42c730e-4957-4972-832d-a010e6490ad7
24_Nov_22,iPhone XR,iPhone XR 256 GB - Yellow - Unlocked,256,Yellow,https://www.backmarket.co.uk/en-gb/p/iphone-xr-256-gb-yellow-unlocked/a8bd0307-0ac3-4347-beb8-2b7ffc74480c,284.95,-1,440.00,4.4,691,Buyur,https://www.backmarket.co.uk/en-gb/s/buyur/850616f1-61f6-45d8-9f1b-7b372b42b727
24_Nov_22,iPhone 13 Pro Max,iPhone 13 Pro Max 512 GB - Gold - Unlocked,512,Gold,https://www.backmarket.co.uk/en-gb/p/iphone-13-pro-max-512-gb-gold-unlocked/40d4e6e0-5348-44e8-b334-e2a92593b6f0,859.42,-1,-1,4.5,158,Stock Must Go Ltd,https://www.backmarket.co.uk/en-gb/s/stock-must-go-ltd/301ff8d7-9cf7-40b4-9992-66e03c0b1fab
24_Nov_22,iPhone 13 Pro Max,iPhone 13 Pro Max 1000 GB - Gold - Unlocked,1000,Gold,https://www.backmarket.co.uk/en-gb/p/iphone-13-pro-max-1000-gb-gold-unlocked/d2fffd8d-f0e5-438b-aecd-e8506e52ab8d,-1,"1,011.00","1,389.13",4.5,158,musicMagpie,https://www.backmarket.co.uk/en-gb/s/musicmagpie/e42c730e-4957-4972-832d-a010e6490ad7
24_Nov_22,iPhone 7 Plus,iPhone 7 Plus 32 GB - Rose Gold - Unlocked,32,Rose Gold,https://www.backmarket.co.uk/en-gb/p/iphone-7-plus-32-gb-rose-gold-unlocked/7399e6ff-6f1b-4af3-8c17-01b5bfe7436d,102.62,125.61,134.99,4.2,97,Mobile Crazy Limited,https://www.backmarket.co.uk/en-gb/s/mobile-crazy-limited/4a94e3b5-42b1-4bca-be1e-d2bbcaf35864
24_Nov_22,iPhone 7 Plus,iPhone 7 Plus 128 GB - Rose Gold - Unlocked,128,Rose Gold,https://www.backmarket.co.uk/en-gb/p/iphone-7-plus-128-gb-rose-gold-unlocked/c2a84153-0225-4dff-b0c3-d6671d8fda29,-1,232.00,277.00,4.2,97,musicMagpie,https://www.backmarket.co.uk/en-gb/s/musicmagpie/e42c730e-4957-4972-832d-a010e6490ad7
24_Nov_22,iPhone 7 Plus,iPhone 7 Plus 256 GB - Rose Gold - Unlocked,256,Rose Gold,https://www.backmarket.co.uk/en-gb/p/iphone-7-plus-256-gb-rose-gold-unlocked/d2d75ac5-11cd-4e2f-b777-a22c54300e80,-1,158.99,329.00,4.2,97,GR Phones,https://www.backmarket.co.uk/en-gb/s/gr-phones/02aa17e8-75ff-442f-a09d-0590cc52b76a
24_Nov_22,iPhone 13 Pro Max,iPhone 13 Pro Max 128 GB - Sierra Blue - Unlocked,128,Sierra blue,https://www.backmarket.co.uk/en-gb/p/iphone-13-pro-max-128-gb-sierra-blue-unlocked/5becd0a2-df06-4ca8-8d3b-b0bb11697fbf,807.00,838.93,890.65,4.5,158,musicMagpie,https://www.backmarket.co.uk/en-gb/s/musicmagpie/e42c730e-4957-4972-832d-a010e6490ad7
24_Nov_22,iPhone 13 Pro Max,iPhone 13 Pro Max 256 GB - Sierra Blue - Unlocked,256,Sierra blue,https://www.backmarket.co.uk/en-gb/p/iphone-13-pro-max-256-gb-sierra-blue-unlocked/75fda94e-249d-4177-919d-2b521c3f71c5,817.24,870.00,912.84,4.5,158,Phones Direct UK,https://www.backmarket.co.uk/en-gb/s/phones-direct-uk/8e67e8fd-ad92-45e1-8584-66a4296a1d30
24_Nov_22,iPhone 13 Pro Max,iPhone 13 Pro Max 512 GB - Sierra Blue - Unlocked,512,Sierra blue,https://www.backmarket.co.uk/en-gb/p/iphone-13-pro-max-512-gb-sierra-blue-unlocked/fe1ab4be-2963-48b3-84bd-658c516261d0,843.89,972.00,"1,070.00",4.5,158,Click and Get,https://www.backmarket.co.uk/en-gb/s/click-and-get/5a1669b3-fee2-476c-81fd-8cf959ff36ae
24_Nov_22,iPhone 13 Pro Max,iPhone 13 Pro Max 1000 GB - Sierra Blue - Unlocked,1000,Sierra blue,https://www.backmarket.co.uk/en-gb/p/iphone-13-pro-max-1000-gb-sierra-blue-unlocked/372ef883-4c52-4a89-98ce-0ae3d216cad5,890.85,"1,021.00","1,128.00",4.5,158,SmartFoneStoreUK,https://www.backmarket.co.uk/en-gb/s/smartfonestoreuk/b4aca31f-556b-472b-b737-206a2d1d9a82
24_Nov_22,iPhone 8 Plus,iPhone 8 Plus 64 GB - Gold - Unlocked,64,Gold,https://www.backmarket.co.uk/en-gb/p/iphone-8-plus-64-gb-gold-unlocked/c1604b3a-f63e-46ca-974d-2eb9ea085b78,180.00,195.44,195.83,4.4,171,Phones Direct UK,https://www.backmarket.co.uk/en-gb/s/phones-direct-uk/8e67e8fd-ad92-45e1-8584-66a4296a1d30
24_Nov_22,iPhone 8 Plus,iPhone 8 Plus 256 GB - Gold - Unlocked,256,Gold,https://www.backmarket.co.uk/en-gb/p/iphone-8-plus-256-gb-gold-unlocked/0511de96-360f-423f-850a-24c9f98b895d,202.32,286.00,310.00,4.4,171,Buyur,https://www.backmarket.co.uk/en-gb/s/buyur/850616f1-61f6-45d8-9f1b-7b372b42b727
24_Nov_22,iPhone 8,iPhone 8 64 GB - Silver - Unlocked,64,Silver,https://www.backmarket.co.uk/en-gb/p/iphone-8-64-gb-silver-unlocked/4775d225-bddf-44a1-8e86-e358e0706502,129.38,145.00,150.04,4.4,457,Buyur,https://www.backmarket.co.uk/en-gb/s/buyur/850616f1-61f6-45d8-9f1b-7b372b42b727
24_Nov_22,iPhone 8,iPhone 8 128 GB - Silver - Unlocked,128,Silver,https://www.backmarket.co.uk/en-gb/p/iphone-8-128-gb-silver-unlocked/129106f7-e7db-4fbf-b7dd-bc32d9b03816,-1,-1,299.00,4.4,457,Regents Impex Ltd,https://www.backmarket.co.uk/en-gb/s/regents-impex-ltd/e19f6676-7687-4338-bc69-4028b803794b
24_Nov_22,iPhone 8,iPhone 8 256 GB - Silver - Unlocked,256,Silver,https://www.backmarket.co.uk/en-gb/p/iphone-8-256-gb-silver-unlocked/71192399-bfe2-428b-ad1e-8255e5025141,159.00,205.00,235.00,4.4,457,MMAPHONESLTD,https://www.backmarket.co.uk/en-gb/s/mmaphonesltd/e015fdde-43ec-4196-bf57-40fce9aac878
24_Nov_22,iPhone 12 mini,iPhone 12 mini 64 GB - Red - Unlocked,64,Red,https://www.backmarket.co.uk/en-gb/p/iphone-12-mini-64-gb-productred-unlocked/d9eb0d56-3928-41b4-94ea-0d3f4d0a0744,336.00,369.87,389.00,4.3,206,Stock Must Go Ltd,https://www.backmarket.co.uk/en-gb/s/stock-must-go-ltd/301ff8d7-9cf7-40b4-9992-66e03c0b1fab
24_Nov_22,iPhone 12 mini,iPhone 12 mini 128 GB - Red - Unlocked,128,Red,https://www.backmarket.co.uk/en-gb/p/iphone-12-mini-128-gb-productred-unlocked/e604e279-afa7-472e-a42f-ff3dd159ccd4,404.00,420.00,414.93,4.3,206,Loop Mobile,https://www.backmarket.co.uk/en-gb/s/loop-mobile/a7905780-155a-48a0-bdfd-149323f8cc21
24_Nov_22,iPhone 12 mini,iPhone 12 mini 256 GB - Red - Unlocked,256,Red,https://www.backmarket.co.uk/en-gb/p/iphone-12-mini-256-gb-productred-unlocked/7c733224-46d2-46d8-823b-7e39a4be591b,449.00,471.64,-1,4.3,206,Loop Mobile,https://www.backmarket.co.uk/en-gb/s/loop-mobile/a7905780-155a-48a0-bdfd-149323f8cc21
24_Nov_22,iPhone 13 Pro,iPhone 13 Pro 256 GB - Alpine Green - Unlocked,256,Alpine Green,https://www.backmarket.co.uk/en-gb/p/iphone-13-pro-256-gb-alpine-green-unlocked/e40851bd-09c3-44b9-9dde-b25df88d91fc,780.00,809.00,-1,4.5,191,Sala Phones,https://www.backmarket.co.uk/en-gb/s/sala-phones/811fca2e-0d89-43ca-93a6-8018a05ecafb
24_Nov_22,iPhone 13 Pro,iPhone 13 Pro 128 GB - Alpine Green - Unlocked,128,Alpine Green,https://www.backmarket.co.uk/en-gb/p/iphone-13-pro-128-gb-alpine-green-unlocked/35d85a1e-6fa2-4331-ad51-a6e4c2a61a9e,-1,899.00,839.00,4.5,191,Getmobiles.co.uk,https://www.backmarket.co.uk/en-gb/s/getmobilescouk/396ef722-a3a2-40ae-9a60-87ae50a3df99
24_Nov_22,iPhone 13 Pro,iPhone 13 Pro 512 GB - Alpine Green - Unlocked,512,Alpine Green,https://www.backmarket.co.uk/en-gb/p/iphone-13-pro-512-gb-sierra-blue-unlocked/36fe3f9e-1731-4354-aaf1-c7440b7e396f,-1,-1,"1,140.00",4.5,191,(NI) Britain Tech Ltd,https://www.backmarket.co.uk/en-gb/s/ni-britain-tech-ltd/dbe4c2c5-4300-4645-b103-1989a366b47c
24_Nov_22,iPhone 12 Pro Max,iPhone 12 Pro Max 128 GB - Graphite - Unlocked,128,Graphite,https://www.backmarket.co.uk/en-gb/p/iphone-12-pro-max-128-gb-graphite-unlocked/4541b851-9c93-4347-993a-51c17a53c02f,498.83,560.91,635.19,4.2,197,Phones Direct UK,https://www.backmarket.co.uk/en-gb/s/phones-direct-uk/8e67e8fd-ad92-45e1-8584-66a4296a1d30
24_Nov_22,iPhone 12 Pro Max,iPhone 12 Pro Max 256 GB - Graphite - Unlocked,256,Graphite,https://www.backmarket.co.uk/en-gb/p/iphone-12-pro-max-256-gb-graphite-unlocked/a05c14b7-f865-42a4-ac25-72060adae132,551.23,579.00,705.42,4.2,197,Phones Direct UK,https://www.backmarket.co.uk/en-gb/s/phones-direct-uk/8e67e8fd-ad92-45e1-8584-66a4296a1d30
24_Nov_22,iPhone 12 Pro Max,iPhone 12 Pro Max 512 GB - Graphite - Unlocked,512,Graphite,https://www.backmarket.co.uk/en-gb/p/iphone-12-pro-max-512-gb-graphite-unlocked/1787a25d-e729-4025-b051-2003950a01f7,613.51,719.00,807.00,4.2,197,WJD Repairs,https://www.backmarket.co.uk/en-gb/s/wjd-repairs/6ee42ea8-5802-4b81-bc58-598315fb1996
24_Nov_22,iPhone 12 Pro Max,iPhone 12 Pro Max 128 GB - Pacific Blue - Unlocked,128,Pacific blue,https://www.backmarket.co.uk/en-gb/p/iphone-12-pro-max-128-gb-pacific-blue-unlocked/e95411ed-760a-48eb-a0ae-24351aec14ea,493.15,559.82,613.93,4.2,197,Phones Direct UK,https://www.backmarket.co.uk/en-gb/s/phones-direct-uk/8e67e8fd-ad92-45e1-8584-66a4296a1d30
24_Nov_22,iPhone XS Max,iPhone XS Max 64 GB - Silver - Unlocked,64,Silver,https://www.backmarket.co.uk/en-gb/p/iphone-xs-max-64-gb-silver-unlocked/c947c66c-faf1-466b-946a-9d897e26e339,250.02,252.00,319.99,4.3,148,musicMagpie,https://www.backmarket.co.uk/en-gb/s/musicmagpie/e42c730e-4957-4972-832d-a010e6490ad7
24_Nov_22,iPhone 12 Pro Max,iPhone 12 Pro Max 256 GB - Pacific Blue - Unlocked,256,Pacific blue,https://www.backmarket.co.uk/en-gb/p/iphone-12-pro-max-256-gb-pacific-blue-unlocked/3c52ddef-7498-4cc2-9abe-0a7bf225a58b,545.78,620.78,696.65,4.2,197,Stock Must Go Ltd,https://www.backmarket.co.uk/en-gb/s/stock-must-go-ltd/301ff8d7-9cf7-40b4-9992-66e03c0b1fab
24_Nov_22,iPhone 12 Pro Max,iPhone 12 Pro Max 512 GB - Pacific Blue - Unlocked,512,Pacific blue,https://www.backmarket.co.uk/en-gb/p/iphone-12-pro-max-512-gb-pacific-blue-unlocked/926ba1db-b513-44b5-bf6a-61c3206f3ad9,582.35,664.75,793.98,4.2,197,musicMagpie,https://www.backmarket.co.uk/en-gb/s/musicmagpie/e42c730e-4957-4972-832d-a010e6490ad7
24_Nov_22,iPhone XS Max,iPhone XS Max 256 GB - Silver - Unlocked,256,Silver,https://www.backmarket.co.uk/en-gb/p/iphone-xs-max-256-gb-silver-unlocked/6e0d5271-8341-43c9-8a9b-42fa388a2c10,280.00,329.95,494.00,4.3,148,Stock Must Go Ltd,https://www.backmarket.co.uk/en-gb/s/stock-must-go-ltd/301ff8d7-9cf7-40b4-9992-66e03c0b1fab
24_Nov_22,iPhone XS Max,iPhone XS Max 512 GB - Silver - Unlocked,512,Silver,https://www.backmarket.co.uk/en-gb/p/iphone-xs-max-512-gb-silver-unlocked/0c541cf4-0dbe-4860-941b-0c50b5350455,-1,-1,449.99,4.3,148,Mazuma,https://www.backmarket.co.uk/en-gb/s/mazuma/47fc1be5-f8f6-4a6a-95d7-acccf733cc00
24_Nov_22,iPhone 8,iPhone 8 64 GB - (Product)Red - Unlocked,64,(PRODUCT)Red,https://www.backmarket.co.uk/en-gb/p/iphone-8-64-gb-productred-unlocked/2defb1fb-7c30-435f-a1ff-ab879a6a0ab9,138.00,144.99,169.99,4.4,457,Stock Must Go Ltd,https://www.backmarket.co.uk/en-gb/s/stock-must-go-ltd/301ff8d7-9cf7-40b4-9992-66e03c0b1fab
24_Nov_22,iPhone 8,iPhone 8 256 GB - (Product)Red - Unlocked,256,(PRODUCT)Red,https://www.backmarket.co.uk/en-gb/p/iphone-8-256-gb-productred-unlocked/3d389f72-3acb-4f8c-b24c-4d99077772c9,-1,-1,245.00,4.4,457,Londonmagicstore UK LTD,https://www.backmarket.co.uk/en-gb/s/londonmagicstore-uk-ltd/750857c9-9c5a-44b6-8914-7d43d3864c0d
24_Nov_22,iPhone 7,iPhone 7 32 GB - (Product)Red - Unlocked,32,(PRODUCT)Red,https://www.backmarket.co.uk/en-gb/p/iphone-7-32-gb-red-unlocked/33939708-a0f4-4efe-aa7a-95f1eaeeffc8,-1,-1,178.00,4.1,275,Regents Impex Ltd,https://www.backmarket.co.uk/en-gb/s/regents-impex-ltd/e19f6676-7687-4338-bc69-4028b803794b
24_Nov_22,iPhone 7,iPhone 7 128 GB - (Product)Red - Unlocked,128,(PRODUCT)Red,https://www.backmarket.co.uk/en-gb/p/iphone-7-128-gb-productred-unlocked/ccc22430-204f-46d5-8712-a810c74d74d3,113.00,150.00,144.00,4.1,275,Gecko Mobile Shop,https://www.backmarket.co.uk/en-gb/s/gecko-mobile-shop/2d086dda-0694-472b-bc01-e5c2923b68a2
24_Nov_22,iPhone 7,iPhone 7 256 GB - (Product)Red - Unlocked,256,(PRODUCT)Red,https://www.backmarket.co.uk/en-gb/p/iphone-7-256-gb-productred-unlocked/3e27d9ea-a249-436a-99de-f18009238de8,-1,220.00,245.00,4.1,275,Cell Market Ltd,https://www.backmarket.co.uk/en-gb/s/cell-market-ltd/15d522d9-088e-4e58-a022-7813844a0ce2
24_Nov_22,iPhone SE,iPhone SE 16 GB - Space Gray - Unlocked,16,Space Gray,https://www.backmarket.co.uk/en-gb/p/iphone-se-16-gb-space-gray-unlocked/66a00af2-210d-4cb2-a581-0018c7c890bf,60.25,66.25,85.00,4,159,Next Day Mobiles LTD,https://www.backmarket.co.uk/en-gb/s/next-day-mobiles-ltd/4b18f0ed-bb1b-4b2e-99e3-f1ec469fd09d
24_Nov_22,iPhone SE,iPhone SE 32 GB - Space Gray - Unlocked,32,Space Gray,https://www.backmarket.co.uk/en-gb/p/iphone-se-32-gb-space-gray-unlocked/2c8f7d05-9084-4d6b-a6d9-d0ff6f7bddb9,90.00,95.00,95.00,4,159,Cell Market Ltd,https://www.backmarket.co.uk/en-gb/s/cell-market-ltd/15d522d9-088e-4e58-a022-7813844a0ce2
24_Nov_22,iPhone SE,iPhone SE 64 GB - Space Gray - Unlocked,64,Space Gray,https://www.backmarket.co.uk/en-gb/p/iphone-se-64-gb-space-gray-unlocked/39f6f9b5-4ce8-4e94-8a2b-b0b7d6781956,108.00,130.00,135.00,4,159,GadgetReclaim Shop,https://www.backmarket.co.uk/en-gb/s/gadgetreclaim-shop/ed823847-114f-4031-ba9b-2da04a68c89a
24_Nov_22,iPhone SE,iPhone SE 128 GB - Space Gray - Unlocked,128,Space Gray,https://www.backmarket.co.uk/en-gb/p/iphone-se-128-gb-space-gray-unlocked/5bf99af5-dbcc-411e-b7f1-c52328e0fe08,120.90,150.00,155.00,4,159,Cell Market Ltd,https://www.backmarket.co.uk/en-gb/s/cell-market-ltd/15d522d9-088e-4e58-a022-7813844a0ce2
24_Nov_22,iPhone 13,iPhone 13 128 GB - Blue - Unlocked,128,Blue,https://www.backmarket.co.uk/en-gb/p/iphone-13-128-gb-blue-unlocked/e4d4b68e-9dec-438d-be52-d348924bfe62,545.12,580.00,648.00,4.6,128,Tech Tiger Group LTD,https://www.backmarket.co.uk/en-gb/s/tech-tiger-group-ltd/452e5d75-c6cc-4e5a-9d04-ec1e5152a229
24_Nov_22,iPhone 13,iPhone 13 256 GB - Blue - Unlocked,256,Blue,https://www.backmarket.co.uk/en-gb/p/iphone-13-256-gb-blue-unlocked/f72a3516-f868-4dda-bab3-0a44284ba101,654.99,-1,701.19,4.6,128,Mazuma,https://www.backmarket.co.uk/en-gb/s/mazuma/47fc1be5-f8f6-4a6a-95d7-acccf733cc00
24_Nov_22,iPhone 13,iPhone 13 512 GB - Blue - Unlocked,512,Blue,https://www.backmarket.co.uk/en-gb/p/iphone-13-512-gb-blue-unlocked/d505f4c1-eaac-42be-9ef8-cc4d1a2862ee,759.00,-1,791.62,4.6,128,musicMagpie,https://www.backmarket.co.uk/en-gb/s/musicmagpie/e42c730e-4957-4972-832d-a010e6490ad7
24_Nov_22,iPhone 12 mini,iPhone 12 mini 64 GB - Black - Unlocked,64,Black,https://www.backmarket.co.uk/en-gb/p/iphone-12-mini-64-gb-black-unlocked/e3464129-30d2-4eeb-b094-7de36afd0f64,334.00,324.99,379.00,4.3,206,Mazuma,https://www.backmarket.co.uk/en-gb/s/mazuma/47fc1be5-f8f6-4a6a-95d7-acccf733cc00
24_Nov_22,iPhone 12 mini,iPhone 12 mini 128 GB - Black - Unlocked,128,Black,https://www.backmarket.co.uk/en-gb/p/iphone-12-mini-128-gb-black-unlocked/76cef1d9-d967-4ecd-807f-f1675e2cf26c,379.15,409.99,420.00,4.3,206,Sala Phones,https://www.backmarket.co.uk/en-gb/s/sala-phones/811fca2e-0d89-43ca-93a6-8018a05ecafb
24_Nov_22,iPhone 12 mini,iPhone 12 mini 256 GB - Black - Unlocked,256,Black,https://www.backmarket.co.uk/en-gb/p/iphone-12-mini-256-gb-black-unlocked/dfb6daed-e9a5-4f63-80e3-9fc39a94a931,419.99,589.60,519.00,4.3,206,Phones Direct UK,https://www.backmarket.co.uk/en-gb/s/phones-direct-uk/8e67e8fd-ad92-45e1-8584-66a4296a1d30
24_Nov_22,iPhone 7 Plus,iPhone 7 Plus 32 GB - Silver - Unlocked,32,Silver,https://www.backmarket.co.uk/en-gb/p/iphone-7-plus-32-gb-silver-unlocked/7b2ecd61-d363-4ea6-a595-af602cc77d4e,-1,138.00,-1,4.2,97,Buyur,https://www.backmarket.co.uk/en-gb/s/buyur/850616f1-61f6-45d8-9f1b-7b372b42b727
24_Nov_22,iPhone 7 Plus,iPhone 7 Plus 128 GB - Silver - Unlocked,128,Silver,https://www.backmarket.co.uk/en-gb/p/iphone-7-plus-128-gb-silver-unlocked/c24582af-c5e6-43bb-bfb3-7064c65a26b6,-1,194.95,165.00,4.2,97,Mobile Crazy Limited,https://www.backmarket.co.uk/en-gb/s/mobile-crazy-limited/4a94e3b5-42b1-4bca-be1e-d2bbcaf35864
24_Nov_22,iPhone 7 Plus,iPhone 7 Plus 256 GB - Silver - Unlocked,256,Silver,https://www.backmarket.co.uk/en-gb/p/iphone-7-plus-256-gb-silver-unlocked/ca7a69fb-586a-494c-b3bd-e44bdb3ee238,170.47,189.00,220.00,4.2,97,SmartFoneStoreUK,https://www.backmarket.co.uk/en-gb/s/smartfonestoreuk/b4aca31f-556b-472b-b737-206a2d1d9a82
24_Nov_22,iPhone 13,iPhone 13 128 GB - Midnight - Unlocked,128,Midnight,https://www.backmarket.co.uk/en-gb/p/iphone-13-128-gb-unlocked/ef5660d2-6883-4b81-b47d-86e5720687ef,556.04,603.26,635.55,4.6,128,SmartFoneStoreUK,https://www.backmarket.co.uk/en-gb/s/smartfonestoreuk/b4aca31f-556b-472b-b737-206a2d1d9a82
24_Nov_22,iPhone 13,iPhone 13 256 GB - Midnight - Unlocked,256,Midnight,https://www.backmarket.co.uk/en-gb/p/iphone-13-256-gb-unlocked/c38d3dfb-6962-4d55-858b-7e1f15a0e665,-1,750.00,718.94,4.6,128,Mazuma,https://www.backmarket.co.uk/en-gb/s/mazuma/47fc1be5-f8f6-4a6a-95d7-acccf733cc00
24_Nov_22,iPhone 13,iPhone 13 512 GB - Midnight - Unlocked,512,Midnight,https://www.backmarket.co.uk/en-gb/p/iphone-13-512-gb-unlocked/57714cb2-bb00-4a67-b7ef-e45b1f799b90,769.99,954.13,882.99,4.6,128,Mazuma,https://www.backmarket.co.uk/en-gb/s/mazuma/47fc1be5-f8f6-4a6a-95d7-acccf733cc00
24_Nov_22,iPhone 12,iPhone 12 64 GB - (Product)Red - Unlocked,64,(PRODUCT)Red,https://www.backmarket.co.uk/en-gb/p/iphone-12-64-gb-productred-unlocked/af874b95-0a58-4efa-b0f4-cd020fed146b,354.53,394.31,416.01,4.2,509,Stock Must Go Ltd,https://www.backmarket.co.uk/en-gb/s/stock-must-go-ltd/301ff8d7-9cf7-40b4-9992-66e03c0b1fab
24_Nov_22,iPhone 12,iPhone 12 128 GB - (Product)Red - Unlocked,128,(PRODUCT)Red,https://www.backmarket.co.uk/en-gb/p/iphone-12-128-gb-productred-unlocked/d82a1609-1cb8-4620-a9eb-d7564fb665b2,410.74,455.70,544.00,4.2,509,Mazuma,https://www.backmarket.co.uk/en-gb/s/mazuma/47fc1be5-f8f6-4a6a-95d7-acccf733cc00
24_Nov_22,iPhone 12,iPhone 12 256 GB - (Product)Red - Unlocked,256,(PRODUCT)Red,https://www.backmarket.co.uk/en-gb/p/iphone-12-256-gb-productred-unlocked/0a21cffb-8ef6-4a40-b65f-d067ae29c988,459.99,534.00,564.00,4.2,509,Phones Direct UK,https://www.backmarket.co.uk/en-gb/s/phones-direct-uk/8e67e8fd-ad92-45e1-8584-66a4296a1d30
24_Nov_22,iPhone 12 mini,iPhone 12 mini 64 GB - Purple - Unlocked,64,Purple,https://www.backmarket.co.uk/en-gb/p/iphone-12-mini-64-gb-purple-unlocked/26dada34-e6a8-41c6-8d78-459ba127f466,327.66,364.00,399.99,4.3,206,Stock Must Go Ltd,https://www.backmarket.co.uk/en-gb/s/stock-must-go-ltd/301ff8d7-9cf7-40b4-9992-66e03c0b1fab
24_Nov_22,iPhone 12 mini,iPhone 12 mini 128 GB - Purple - Unlocked,128,Purple,https://www.backmarket.co.uk/en-gb/p/iphone-12-mini-128-gb-purple-unlocked/cb7525ec-509f-42e3-a71a-40c1d35cf0eb,-1,444.00,-1,4.3,206,Loop Mobile,https://www.backmarket.co.uk/en-gb/s/loop-mobile/a7905780-155a-48a0-bdfd-149323f8cc21
24_Nov_22,iPhone 12 mini,iPhone 12 mini 256 GB - Purple - Unlocked,256,Purple,https://www.backmarket.co.uk/en-gb/p/iphone-12-mini-256-gb-purple-unlocked/c39a4b7d-6acb-49f2-bf03-370ffc6c22ed,-1,479.00,522.56,4.3,206,Loop Mobile,https://www.backmarket.co.uk/en-gb/s/loop-mobile/a7905780-155a-48a0-bdfd-149323f8cc21
24_Nov_22,iPhone 11 Pro,iPhone 11 Pro 64 GB - Space Gray - Unlocked,64,Space Gray,https://www.backmarket.co.uk/en-gb/p/iphone-11-pro-64-gb-space-gray-unlocked/8a9d4ab9-46f9-406b-8a10-c18a719cda81,309.40,348.50,400.00,4.1,440,Buyur,https://www.backmarket.co.uk/en-gb/s/buyur/850616f1-61f6-45d8-9f1b-7b372b42b727
24_Nov_22,iPhone 11 Pro,iPhone 11 Pro 256 GB - Space Gray - Unlocked,256,Space Gray,https://www.backmarket.co.uk/en-gb/p/iphone-11-pro-256-gb-space-gray-unlocked/934ce03d-d77d-4ec3-9316-ba84614ad715,352.72,400.98,461.00,4.1,440,Loop Mobile,https://www.backmarket.co.uk/en-gb/s/loop-mobile/a7905780-155a-48a0-bdfd-149323f8cc21
24_Nov_22,iPhone 11 Pro,iPhone 11 Pro 512 GB - Space Gray - Unlocked,512,Space Gray,https://www.backmarket.co.uk/en-gb/p/iphone-11-pro-512-gb-space-gray-unlocked/5d1d323c-8fff-41c6-af82-50c23ab0e22e,393.57,515.00,582.00,4.1,440,Phones Direct UK,https://www.backmarket.co.uk/en-gb/s/phones-direct-uk/8e67e8fd-ad92-45e1-8584-66a4296a1d30
24_Nov_22,iPhone SE,iPhone SE 16 GB - Silver - Unlocked,16,Silver,https://www.backmarket.co.uk/en-gb/p/iphone-se-16-gb-silver-unlocked/57386697-3371-4592-9b3d-38a82ce59773,78.00,121.00,90.00,4,159,Cell Market Ltd,https://www.backmarket.co.uk/en-gb/s/cell-market-ltd/15d522d9-088e-4e58-a022-7813844a0ce2
24_Nov_22,iPhone SE,iPhone SE 32 GB - Rose Gold - Unlocked,32,Rose Gold,https://www.backmarket.co.uk/en-gb/p/iphone-se-32-gb-rose-gold-unlocked/d6d19a58-38b6-48f3-b0cb-693e97a9a966,75.00,120.00,156.00,4,159,BEST4TECH,https://www.backmarket.co.uk/en-gb/s/best4tech/03d04c9d-a534-4648-89d7-f8718b022d3a
24_Nov_22,iPhone SE,iPhone SE 128 GB - Silver - Unlocked,128,Silver,https://www.backmarket.co.uk/en-gb/p/iphone-se-128-gb-silver-unlocked/2d2f3639-e0ce-41e1-bc97-9e17c07f51a8,-1,-1,160.00,4,159,Cell Market Ltd,https://www.backmarket.co.uk/en-gb/s/cell-market-ltd/15d522d9-088e-4e58-a022-7813844a0ce2
24_Nov_22,iPhone 12,iPhone 12 64 GB - White - Unlocked,64,White,https://www.backmarket.co.uk/en-gb/p/iphone-12-64-gb-white-unlocked/5bb9357f-92ed-4b5a-ae83-76a9c983f11a,360.00,394.68,414.83,4.2,509,GoodBuyTech,https://www.backmarket.co.uk/en-gb/s/goodbuytech/9815cd04-b74b-4ad3-8c57-6360ac25f8a1
24_Nov_22,iPhone 12,iPhone 12 128 GB - White - Unlocked,128,White,https://www.backmarket.co.uk/en-gb/p/iphone-12-128-gb-white-unlocked/fc516a2d-d3bc-4ed6-99d8-a4f51e550d4d,422.86,457.38,500.00,4.2,508,Stock Must Go Ltd,https://www.backmarket.co.uk/en-gb/s/stock-must-go-ltd/301ff8d7-9cf7-40b4-9992-66e03c0b1fab
24_Nov_22,iPhone 12,iPhone 12 256 GB - White - Unlocked,256,White,https://www.backmarket.co.uk/en-gb/p/iphone-12-256-gb-white-unlocked/f01d43e2-4f17-4fde-8415-96884e206679,482.87,667.90,579.99,4.2,509,Stock Must Go Ltd,https://www.backmarket.co.uk/en-gb/s/stock-must-go-ltd/301ff8d7-9cf7-40b4-9992-66e03c0b1fab
24_Nov_22,iPhone SE,iPhone SE 64 GB - Rose Gold - Unlocked,64,Rose Gold,https://www.backmarket.co.uk/en-gb/p/iphone-se-64-gb-rose-gold-unlocked/31ef4eb5-ab2e-464d-8c59-31cefec1329d,-1,-1,167.00,4,159,XTEC LTD,https://www.backmarket.co.uk/en-gb/s/xtec-ltd/0811094b-c0d5-4d0a-9b24-67ec1817e333
24_Nov_22,iPhone SE,iPhone SE 32 GB - Gold - Unlocked,32,Gold,https://www.backmarket.co.uk/en-gb/p/iphone-se-32-gb-gold-unlocked/8157fb53-d554-4ed4-86a5-4ea7b4b22039,-1,-1,78.68,4,159,MMAPHONESLTD,https://www.backmarket.co.uk/en-gb/s/mmaphonesltd/e015fdde-43ec-4196-bf57-40fce9aac878
24_Nov_22,iPhone SE,iPhone SE 128 GB - Gold - Unlocked,128,Gold,https://www.backmarket.co.uk/en-gb/p/iphone-se-128-gb-gold-unlocked/bb74c206-235f-424a-bf7a-54f4f6984015,110.00,-1,-1,4,159,Cell Market Ltd,https://www.backmarket.co.uk/en-gb/s/cell-market-ltd/15d522d9-088e-4e58-a022-7813844a0ce2
24_Nov_22,iPhone 14,iPhone 14 128 GB - Midnight - Unlocked,128,Midnight,https://www.backmarket.co.uk/en-gb/p/gb/400b5725-cbcb-4b97-a7b8-0a2c1d4098ef,-1,-1,807.99,N/A,N/A,Clove Technology,https://www.backmarket.co.uk/en-gb/s/clove-technology/b52d821a-efed-4145-9b21-9bc368eedee5
24_Nov_22,iPhone 14,iPhone 14 512 GB - Midnight - Unlocked,512,Midnight,https://www.backmarket.co.uk/en-gb/p/gb/bd84912a-8d03-4ba6-858f-705528686f71,-1,-1,"1,129.00",N/A,N/A,Meelie,https://www.backmarket.co.uk/en-gb/s/meelie/b0c40e78-e982-4fdd-8e02-653c7bcb0496
24_Nov_22,iPhone 13 Pro Max,iPhone 13 Pro Max 128 GB - Graphite - Unlocked,128,Graphite,https://www.backmarket.co.uk/en-gb/p/iphone-13-pro-max-128-gb-graphite-unlocked/fa941fc6-8030-4771-aa55-6669d698d7a4,807.00,866.00,934.00,4.5,158,musicMagpie,https://www.backmarket.co.uk/en-gb/s/musicmagpie/e42c730e-4957-4972-832d-a010e6490ad7
24_Nov_22,iPhone 13 Pro Max,iPhone 13 Pro Max 512 GB - Graphite - Unlocked,512,Graphite,https://www.backmarket.co.uk/en-gb/p/iphone-13-pro-max-512-gb-graphite-unlocked/5f34ddae-a1a4-4daa-8eca-4dfe5d596b68,895.00,963.00,"1,149.99",4.5,158,musicMagpie,https://www.backmarket.co.uk/en-gb/s/musicmagpie/e42c730e-4957-4972-832d-a010e6490ad7
24_Nov_22,iPhone 13 Pro Max,iPhone 13 Pro Max 1000 GB - Graphite - Unlocked,1000,Graphite,https://www.backmarket.co.uk/en-gb/p/iphone-13-pro-max-1000-gb-graphite-unlocked/bbafec5a-2bb4-4d1a-94da-7889b0295c67,923.00,"1,011.00","1,118.00",4.5,158,musicMagpie,https://www.backmarket.co.uk/en-gb/s/musicmagpie/e42c730e-4957-4972-832d-a010e6490ad7
24_Nov_22,iPhone 14,iPhone 14 256 GB - Midnight - Unlocked,256,Midnight,https://www.backmarket.co.uk/en-gb/p/gb/1a165eda-605f-46c8-afe4-0fc3801e7d75,-1,-1,930.00,N/A,N/A,BEST4TECH,https://www.backmarket.co.uk/en-gb/s/best4tech/03d04c9d-a534-4648-89d7-f8718b022d3a
24_Nov_22,iPhone 13 mini,iPhone 13 mini 128 GB - Starlight - Unlocked,128,N/A,https://www.backmarket.co.uk/en-gb/p/iphone-13-mini-128-gb-unlocked/0c820291-87be-4229-ad56-83629fa0aee7,598.30,578.00,622.00,4.8,47,musicMagpie,https://www.backmarket.co.uk/en-gb/s/musicmagpie/e42c730e-4957-4972-832d-a010e6490ad7
24_Nov_22,iPhone 13 mini,iPhone 13 mini 256 GB - Starlight - Unlocked,256,N/A,https://www.backmarket.co.uk/en-gb/p/iphone-13-mini-256-gb-unlocked/3199eef5-fe2b-48b9-bf92-aa1920c71fb7,689.00,646.00,690.00,4.8,47,musicMagpie,https://www.backmarket.co.uk/en-gb/s/musicmagpie/e42c730e-4957-4972-832d-a010e6490ad7
24_Nov_22,iPhone 13 mini,iPhone 13 mini 512 GB - (Product)Red - Unlocked,512,(PRODUCT)Red,https://www.backmarket.co.uk/en-gb/p/iphone-13-mini-512-gb-productred-unlocked/27ec1c46-06ca-447e-88ed-ca9dafd959fe,-1,807.00,-1,4.8,47,musicMagpie,https://www.backmarket.co.uk/en-gb/s/musicmagpie/e42c730e-4957-4972-832d-a010e6490ad7
24_Nov_22,iPhone 11 Pro Max,iPhone 11 Pro Max 64 GB - Midnight Green - Unlocked,64,Midnight green,https://www.backmarket.co.uk/en-gb/p/iphone-11-pro-max-64-gb-midnight-green-unlocked/b62ace87-ab2c-4421-9403-84771de245a5,348.67,391.39,444.74,4.2,325,Stock Must Go Ltd,https://www.backmarket.co.uk/en-gb/s/stock-must-go-ltd/301ff8d7-9cf7-40b4-9992-66e03c0b1fab
24_Nov_22,iPhone 11 Pro Max,iPhone 11 Pro Max 256 GB - Midnight Green - Unlocked,256,Midnight green,https://www.backmarket.co.uk/en-gb/p/iphone-11-pro-max-256-gb-midnight-green-unlocked/79c35cbd-7839-4842-a647-2fc75213434e,408.27,434.44,480.52,4.2,325,musicMagpie,https://www.backmarket.co.uk/en-gb/s/musicmagpie/e42c730e-4957-4972-832d-a010e6490ad7
24_Nov_22,iPhone 8 Plus,iPhone 8 Plus 64 GB - (Product)Red - Unlocked,64,(PRODUCT)Red,https://www.backmarket.co.uk/en-gb/p/iphone-8-plus-64-gb-productred-unlocked/c528f48f-b88c-41e4-9d41-085c47aeb04e,-1,215.00,249.00,4.4,171,Cell Market Ltd,https://www.backmarket.co.uk/en-gb/s/cell-market-ltd/15d522d9-088e-4e58-a022-7813844a0ce2
24_Nov_22,iPhone 11 Pro Max,iPhone 11 Pro Max 512 GB - Midnight Green - Unlocked,512,Midnight green,https://www.backmarket.co.uk/en-gb/p/iphone-11-pro-max-512-gb-midnight-green-unlocked/de23fce1-f9b7-4963-a047-91c829019ee8,432.86,479.99,552.47,4.2,325,4gadgets,https://www.backmarket.co.uk/en-gb/s/4gadgets/439ba7d4-88d1-4e0b-bbc5-a8659764de6e
24_Nov_22,iPhone 6S,iPhone 6S 16 GB - Silver - Unlocked,16,Silver,https://www.backmarket.co.uk/en-gb/p/iphone-6s-16-gb-silver-unlocked/6d373102-6314-4c7f-95c3-5f5d9bd161d7,90.00,-1,104.99,4.2,73,Digital Techno,https://www.backmarket.co.uk/en-gb/s/digital-techno/5b611bd5-aaa3-42ac-9b7a-84e4648117a1
24_Nov_22,iPhone 6S,iPhone 6S 32 GB - Silver - Unlocked,32,Silver,https://www.backmarket.co.uk/en-gb/p/iphone-6s-32-gb-silver-unlocked/e85309d3-0081-48ba-9259-ad8f367ed4ae,100.00,120.00,105.00,4.2,73,Londonmagicstore UK LTD,https://www.backmarket.co.uk/en-gb/s/londonmagicstore-uk-ltd/750857c9-9c5a-44b6-8914-7d43d3864c0d
24_Nov_22,iPhone 13 mini,iPhone 13 mini 128 GB - Red - Unlocked,128,Red,https://www.backmarket.co.uk/en-gb/p/iphone-13-mini-128-gb-productred-unlocked/0378bae9-ff66-40d0-8f70-34a686b44523,550.00,549.99,575.00,4.8,47,Mazuma,https://www.backmarket.co.uk/en-gb/s/mazuma/47fc1be5-f8f6-4a6a-95d7-acccf733cc00
24_Nov_22,iPhone 13 mini,iPhone 13 mini 256 GB - Red - Unlocked,256,Red,https://www.backmarket.co.uk/en-gb/p/iphone-13-mini-256-gb-productred-unlocked/cf289831-e6b5-463e-999d-c6d352796288,655.00,650.50,-1,4.8,47,(NI) Britain Tech Ltd,https://www.backmarket.co.uk/en-gb/s/ni-britain-tech-ltd/dbe4c2c5-4300-4645-b103-1989a366b47c
24_Nov_22,iPhone 11 Pro,iPhone 11 Pro 64 GB - Gold - Unlocked,64,Gold,https://www.backmarket.co.uk/en-gb/p/iphone-11-pro-64-gb-gold-unlocked/4142377d-80f1-4670-8f4e-fab0b6fdffd4,308.71,335.00,387.93,4.1,440,Stock Must Go Ltd,https://www.backmarket.co.uk/en-gb/s/stock-must-go-ltd/301ff8d7-9cf7-40b4-9992-66e03c0b1fab
24_Nov_22,iPhone 11 Pro,iPhone 11 Pro 256 GB - Gold - Unlocked,256,Gold,https://www.backmarket.co.uk/en-gb/p/iphone-11-pro-256-gb-gold-unlocked/b79d17eb-b1b8-49c4-8307-3a053176ab23,356.76,447.00,461.39,4.1,440,Loop Mobile,https://www.backmarket.co.uk/en-gb/s/loop-mobile/a7905780-155a-48a0-bdfd-149323f8cc21
24_Nov_22,iPhone 11 Pro,iPhone 11 Pro 512 GB - Gold - Unlocked,512,Gold,https://www.backmarket.co.uk/en-gb/p/iphone-11-pro-512-gb-gold-unlocked/89274113-77c6-4edf-ac0f-85b448657099,414.00,454.00,514.00,4.1,440,Loop Mobile,https://www.backmarket.co.uk/en-gb/s/loop-mobile/a7905780-155a-48a0-bdfd-149323f8cc21
24_Nov_22,iPhone XS Max,iPhone XS Max 64 GB - Space Gray - Unlocked,64,Space Gray,https://www.backmarket.co.uk/en-gb/p/iphone-xs-max-64-gb-space-gray-unlocked/1053e68e-a03e-44f7-9e37-fc9e28e85f41,257.09,248.00,345.30,4.3,148,Technology Recycle Group Ltd,https://www.backmarket.co.uk/en-gb/s/technology-recycle-group-ltd/7270a6b1-4191-40c3-a7b5-7db33ea3a95e
24_Nov_22,iPhone XS Max,iPhone XS Max 256 GB - Space Gray - Unlocked,256,Space Gray,https://www.backmarket.co.uk/en-gb/p/iphone-xs-max-256-gb-space-gray-unlocked/1b9e0b33-0869-4ad2-af31-30435d4acb76,273.38,306.30,333.52,4.3,148,Phones Direct UK,https://www.backmarket.co.uk/en-gb/s/phones-direct-uk/8e67e8fd-ad92-45e1-8584-66a4296a1d30
24_Nov_22,iPhone XS,iPhone XS 64 GB - Space Gray - Unlocked,64,Space Gray,https://www.backmarket.co.uk/en-gb/p/iphone-xs-64-gb-space-gray-unlocked/4052792b-2bc8-45eb-b3e8-7d57141702f9,220.00,215.79,236.98,4.1,381,Mobile Crazy Limited,https://www.backmarket.co.uk/en-gb/s/mobile-crazy-limited/4a94e3b5-42b1-4bca-be1e-d2bbcaf35864
24_Nov_22,iPhone XS Max,iPhone XS Max 512 GB - Space Gray - Unlocked,512,Space Gray,https://www.backmarket.co.uk/en-gb/p/iphone-xs-max-512-gb-space-gray-unlocked/c7bfaa97-3c78-4842-95c9-228c6d29201e,307.59,480.00,-1,4.3,148,Buyur,https://www.backmarket.co.uk/en-gb/s/buyur/850616f1-61f6-45d8-9f1b-7b372b42b727
24_Nov_22,iPhone XS,iPhone XS 256 GB - Space Gray - Unlocked,256,Space Gray,https://www.backmarket.co.uk/en-gb/p/iphone-xs-256-gb-space-gray-unlocked/41d1466b-2e2e-4283-b1af-07421639deff,249.95,309.00,325.74,4.1,381,Buyur,https://www.backmarket.co.uk/en-gb/s/buyur/850616f1-61f6-45d8-9f1b-7b372b42b727
24_Nov_22,iPhone XS,iPhone XS 512 GB - Space Gray - Unlocked,512,Space Gray,https://www.backmarket.co.uk/en-gb/p/iphone-xs-512-gb-space-gray-unlocked/10d42947-d452-447b-b7fe-b3c265c9e4e8,291.94,314.99,390.00,4.1,381,Stock Must Go Ltd,https://www.backmarket.co.uk/en-gb/s/stock-must-go-ltd/301ff8d7-9cf7-40b4-9992-66e03c0b1fab
24_Nov_22,iPhone XR,iPhone XR 128 GB - Black - Unlocked,128,Black,https://www.backmarket.co.uk/en-gb/p/iphone-xr-128-gb-black-unlocked/2963532c-c4a6-4482-bba5-11594510123d,220.00,259.99,440.00,4.4,691,BEST4TECH,https://www.backmarket.co.uk/en-gb/s/best4tech/03d04c9d-a534-4648-89d7-f8718b022d3a
24_Nov_22,iPhone XR,iPhone XR 64 GB - Black - Unlocked,64,Black,https://www.backmarket.co.uk/en-gb/p/iphone-xr-64-gb-black-unlocked/8199595f-76ac-47aa-bea7-1017e1fe0392,229.99,217.47,250.00,4.4,691,BEST4TECH,https://www.backmarket.co.uk/en-gb/s/best4tech/03d04c9d-a534-4648-89d7-f8718b022d3a
24_Nov_22,iPhone XR,iPhone XR 256 GB - Black - Unlocked,256,Black,https://www.backmarket.co.uk/en-gb/p/iphone-xr-256-gb-black-unlocked/a215361c-00df-4c78-a497-6072fb5d78f8,253.00,548.00,-1,4.4,691,PERFECT PHONE LTD,https://www.backmarket.co.uk/en-gb/s/perfect-phone-ltd/f2abf51c-481e-4c31-872d-9553a2d0b57e
24_Nov_22,iPhone SE,iPhone SE 32 GB - Silver - Unlocked,32,Silver,https://www.backmarket.co.uk/en-gb/p/iphone-se-32-gb-silver-unlocked/4b5770e0-25f0-4648-8f46-c33b9b56b81f,85.00,85.00,70.78,4,159,MMAPHONESLTD,https://www.backmarket.co.uk/en-gb/s/mmaphonesltd/e015fdde-43ec-4196-bf57-40fce9aac878
24_Nov_22,iPhone SE,iPhone SE 64 GB - Silver - Unlocked,64,Silver,https://www.backmarket.co.uk/en-gb/p/iphone-se-64-gb-silver-unlocked/a3328da4-e664-4c06-880c-9abb0106bddb,-1,-1,155.00,4,159,Cell Market Ltd,https://www.backmarket.co.uk/en-gb/s/cell-market-ltd/15d522d9-088e-4e58-a022-7813844a0ce2
24_Nov_22,iPhone 13,iPhone 13 128 GB - Pink - Unlocked,128,Pink,https://www.backmarket.co.uk/en-gb/p/iphone-13-128-gb-pink-unlocked/d1989098-648d-490e-a719-7c4b6ab8b1ae,532.00,693.13,646.62,4.6,128,GoodBuyTech,https://www.backmarket.co.uk/en-gb/s/goodbuytech/9815cd04-b74b-4ad3-8c57-6360ac25f8a1
24_Nov_22,iPhone 13,iPhone 13 256 GB - Pink - Unlocked,256,Pink,https://www.backmarket.co.uk/en-gb/p/iphone-13-256-gb-pink-unlocked/47564ee1-e2df-45fe-aa2e-2ce197775187,704.99,-1,699.00,4.6,128,Clove Technology,https://www.backmarket.co.uk/en-gb/s/clove-technology/b52d821a-efed-4145-9b21-9bc368eedee5
24_Nov_22,iPhone 13,iPhone 13 512 GB - Pink - Unlocked,512,Pink,https://www.backmarket.co.uk/en-gb/p/iphone-13-512-gb-pink-unlocked/45d1d91f-70d4-4ffc-bb26-6a28b558d4f6,999.00,830.00,-1,4.6,128,(NI) Britain Tech Ltd,https://www.backmarket.co.uk/en-gb/s/ni-britain-tech-ltd/dbe4c2c5-4300-4645-b103-1989a366b47c
24_Nov_22,iPhone 7 Plus,iPhone 7 Plus 32 GB - Gold - Unlocked,32,Gold,https://www.backmarket.co.uk/en-gb/p/iphone-7-plus-32-gb-gold-unlocked/7151fccf-5c5b-49b3-ab74-a55260fd19ee,113.67,138.95,-1,4.2,97,Stock Must Go Ltd,https://www.backmarket.co.uk/en-gb/s/stock-must-go-ltd/301ff8d7-9cf7-40b4-9992-66e03c0b1fab
24_Nov_22,iPhone 7 Plus,iPhone 7 Plus 128 GB - Gold - Unlocked,128,Gold,https://www.backmarket.co.uk/en-gb/p/iphone-7-plus-128-gb-gold-unlocked/9288697b-37de-4c21-b402-c011abbde290,-1,169.95,159.00,4.2,97,Mobile Reborn Ltd,https://www.backmarket.co.uk/en-gb/s/mobile-reborn-ltd/e22ea3d5-fd5f-40a7-8543-33d77b730eac
24_Nov_22,iPhone 7 Plus,iPhone 7 Plus 256 GB - Gold - Unlocked,256,Gold,https://www.backmarket.co.uk/en-gb/p/iphone-7-plus-256-gb-gold-unlocked/9ef5c61d-16af-476f-a8fd-5c2e718741b6,-1,-1,200.00,4.2,97,Mobile Reborn Ltd,https://www.backmarket.co.uk/en-gb/s/mobile-reborn-ltd/e22ea3d5-fd5f-40a7-8543-33d77b730eac
24_Nov_22,iPhone 14,iPhone 14 128 GB - Blue - Unlocked,128,Blue,https://www.backmarket.co.uk/en-gb/p/gb/fe94a99b-4733-4794-97de-e813f75b1160,-1,-1,849.00,N/A,N/A,Clove Technology,https://www.backmarket.co.uk/en-gb/s/clove-technology/b52d821a-efed-4145-9b21-9bc368eedee5
24_Nov_22,iPhone 14,iPhone 14 256 GB - Purple - Unlocked,256,Purple,https://www.backmarket.co.uk/en-gb/p/gb/d883bf3f-5d7a-4c33-9426-30db1ef9a723,-1,-1,930.00,N/A,N/A,BEST4TECH,https://www.backmarket.co.uk/en-gb/s/best4tech/03d04c9d-a534-4648-89d7-f8718b022d3a
24_Nov_22,iPhone 6S Plus,iPhone 6S Plus 16 GB - Space Gray - Unlocked,16,Space Gray,https://www.backmarket.co.uk/en-gb/p/iphone-6s-plus-16-gb-space-gray-unlocked/4c24a962-d7ef-4891-8138-25cf281cfd65,113.00,-1,-1,3.9,23,Londonmagicstore UK LTD,https://www.backmarket.co.uk/en-gb/s/londonmagicstore-uk-ltd/750857c9-9c5a-44b6-8914-7d43d3864c0d
24_Nov_22,iPhone 6S Plus,iPhone 6S Plus 32 GB - Silver - Unlocked,32,Silver,https://www.backmarket.co.uk/en-gb/p/iphone-6s-plus-32-gb-silver-unlocked/4e4604bc-2c47-4959-bcdb-5a888390cf0a,-1,-1,227.00,3.9,23,Regents Impex Ltd,https://www.backmarket.co.uk/en-gb/s/regents-impex-ltd/e19f6676-7687-4338-bc69-4028b803794b
24_Nov_22,iPhone 6S Plus,iPhone 6S Plus 64 GB - Rose Gold - Unlocked,64,Rose Gold,https://www.backmarket.co.uk/en-gb/p/iphone-6s-plus-64-gb-rose-gold-unlocked/59c934c9-c904-4e6e-b333-bee23a280c7a,129.00,-1,-1,3.9,23,Stock Must Go Ltd,https://www.backmarket.co.uk/en-gb/s/stock-must-go-ltd/301ff8d7-9cf7-40b4-9992-66e03c0b1fab
24_Nov_22,iPhone 6S Plus,iPhone 6S Plus 128 GB - Space Gray - Unlocked,128,Space Gray,https://www.backmarket.co.uk/en-gb/p/iphone-6s-plus-128-gb-space-gray-unlocked/7fb8c7de-1a98-4a0e-b5de-6abf61c66904,139.00,-1,-1,3.9,23,SmartFoneStoreUK,https://www.backmarket.co.uk/en-gb/s/smartfonestoreuk/b4aca31f-556b-472b-b737-206a2d1d9a82
24_Nov_22,iPhone 13 mini,iPhone 13 mini 128 GB - Pink - Unlocked,128,N/A,https://www.backmarket.co.uk/en-gb/p/iphone-13-mini-128-gb-pink-unlocked/7c7f3770-d593-406a-b1b3-3180a48b8434,544.00,559.00,535.88,4.8,47,The iOutlet,https://www.backmarket.co.uk/en-gb/s/the-ioutlet/aa299636-3bc5-49ba-bbfd-50fd804cb11c
24_Nov_22,iPhone 13 mini,iPhone 13 mini 256 GB - Pink - Unlocked,256,N/A,https://www.backmarket.co.uk/en-gb/p/iphone-13-mini-256-gb-pink-unlocked/61c73dd7-a1a8-499c-90b0-c6ba2dce3f11,693.13,664.00,-1,4.8,47,musicMagpie,https://www.backmarket.co.uk/en-gb/s/musicmagpie/e42c730e-4957-4972-832d-a010e6490ad7
24_Nov_22,iPhone 13 mini,iPhone 13 mini 512 GB - Pink - Unlocked,512,N/A,https://www.backmarket.co.uk/en-gb/p/iphone-13-mini-512-gb-pink-unlocked/0a3c0e81-a8cb-4486-8fd7-e9a55d6dddbe,-1,-1,850.00,4.8,47,(NI) Britain Tech Ltd,https://www.backmarket.co.uk/en-gb/s/ni-britain-tech-ltd/dbe4c2c5-4300-4645-b103-1989a366b47c
24_Nov_22,iPhone 6S Plus,iPhone 6S Plus 32 GB - Space Gray - Unlocked,32,Space Gray,https://www.backmarket.co.uk/en-gb/p/iphone-6s-plus-32-gb-space-gray-unlocked/877aaad9-75b9-459b-858a-575daa859b6e,139.00,110.00,212.00,3.9,23,RECOMM,https://www.backmarket.co.uk/en-gb/s/recomm/d003de62-1b23-468c-bf96-663b06eeafff
24_Nov_22,iPhone XS,iPhone XS 64 GB - Silver - Unlocked,64,Silver,https://www.backmarket.co.uk/en-gb/p/iphone-xs-64-gb-silver-unlocked/ca10cd3e-2fcf-4263-8a07-852f6357972e,209.32,239.54,279.00,4.1,381,Buyur,https://www.backmarket.co.uk/en-gb/s/buyur/850616f1-61f6-45d8-9f1b-7b372b42b727
24_Nov_22,iPhone XS,iPhone XS 256 GB - Silver - Unlocked,256,Silver,https://www.backmarket.co.uk/en-gb/p/iphone-xs-256-gb-silver-unlocked/900e1597-7f05-4384-b550-c6e1331e0a09,239.95,309.00,360.00,4.1,382,Buyur,https://www.backmarket.co.uk/en-gb/s/buyur/850616f1-61f6-45d8-9f1b-7b372b42b727
24_Nov_22,iPhone XS,iPhone XS 512 GB - Silver - Unlocked,512,Silver,https://www.backmarket.co.uk/en-gb/p/iphone-xs-512-gb-silver-unlocked/624796e3-a2d3-42cb-9c22-910c5e4a38ea,-1,309.99,-1,4.1,382,Phones Direct UK,https://www.backmarket.co.uk/en-gb/s/phones-direct-uk/8e67e8fd-ad92-45e1-8584-66a4296a1d30
24_Nov_22,iPhone 6S Plus,iPhone 6S Plus 32 GB - Gold - Unlocked,32,Gold,https://www.backmarket.co.uk/en-gb/p/iphone-6s-plus-32-gb-gold-unlocked/89b58f9e-a0ae-4414-8019-62e621fc4c02,93.99,104.99,227.00,3.9,23,GR Phones,https://www.backmarket.co.uk/en-gb/s/gr-phones/02aa17e8-75ff-442f-a09d-0590cc52b76a
24_Nov_22,iPhone 6S Plus,iPhone 6S Plus 64 GB - Gold - Unlocked,64,Gold,https://www.backmarket.co.uk/en-gb/p/iphone-6s-plus-64-gb-gold-unlocked/e0a370ea-9e5b-457a-a27c-af181b1be5b5,119.00,-1,-1,3.9,23,Stock Must Go Ltd,https://www.backmarket.co.uk/en-gb/s/stock-must-go-ltd/301ff8d7-9cf7-40b4-9992-66e03c0b1fab
24_Nov_22,iPhone 6s,iPhone 6s 32 GB - Grey - Unlocked,32,Grey,https://www.backmarket.co.uk/en-gb/p/iphone-6-32-gb-unlocked/c01d8d0f-0b06-4a93-913c-18bbf327fb16,92.00,-1,-1,4.2,73,Stock Must Go Ltd,https://www.backmarket.co.uk/en-gb/s/stock-must-go-ltd/301ff8d7-9cf7-40b4-9992-66e03c0b1fab
24_Nov_22,iPhone 7 Plus,iPhone 7 Plus 32 GB - Black - Unlocked,32,Black,https://www.backmarket.co.uk/en-gb/p/iphone-7-plus-32-gb-black-unlocked/84d1b8f7-2efa-4ff5-810b-e75032ed8bad,103.00,138.95,-1,4.2,97,Stock Must Go Ltd,https://www.backmarket.co.uk/en-gb/s/stock-must-go-ltd/301ff8d7-9cf7-40b4-9992-66e03c0b1fab
24_Nov_22,iPhone 7 Plus,iPhone 7 Plus 128 GB - Black - Unlocked,128,Black,https://www.backmarket.co.uk/en-gb/p/iphone-7-plus-128-gb-black-unlocked/2169b39e-4bdd-419e-8226-77e6dd07eee3,154.00,189.99,239.99,4.2,97,PERFECT PHONE LTD,https://www.backmarket.co.uk/en-gb/s/perfect-phone-ltd/f2abf51c-481e-4c31-872d-9553a2d0b57e
24_Nov_22,iPhone 7 Plus,iPhone 7 Plus 256 GB - Black - Unlocked,256,Black,https://www.backmarket.co.uk/en-gb/p/iphone-7-plus-256-gb-black-unlocked/0822214e-fb2b-4a5a-a257-075a6888e312,175.00,-1,220.00,4.2,97,RECOMM,https://www.backmarket.co.uk/en-gb/s/recomm/d003de62-1b23-468c-bf96-663b06eeafff
24_Nov_22,iPhone 7 Plus,iPhone 7 Plus 128 GB - Red - Unlocked,128,Red,https://www.backmarket.co.uk/en-gb/p/iphone-7-plus-128-gb-productred-unlocked/e009a3f2-ace0-43bf-b74c-75e21fc1eec3,141.00,184.95,210.70,4.2,97,Stock Must Go Ltd,https://www.backmarket.co.uk/en-gb/s/stock-must-go-ltd/301ff8d7-9cf7-40b4-9992-66e03c0b1fab
24_Nov_22,iPhone 7 Plus,iPhone 7 Plus 256 GB - Red - Unlocked,256,Red,https://www.backmarket.co.uk/en-gb/p/iphone-7-plus-256-gb-productred-unlocked/62717e7e-8352-46d7-aaae-1cb398f0bf0b,-1,-1,276.00,4.2,97,Gecko Mobile Shop,https://www.backmarket.co.uk/en-gb/s/gecko-mobile-shop/2d086dda-0694-472b-bc01-e5c2923b68a2
24_Nov_22,iPhone XS Max,iPhone XS Max 64 GB - Gold - Unlocked,64,Gold,https://www.backmarket.co.uk/en-gb/p/iphone-xs-max-64-gb-gold-unlocked/e0c8f23a-e8f6-434b-b661-2aa6cf0c7bf6,239.65,276.91,303.95,4.3,148,musicMagpie,https://www.backmarket.co.uk/en-gb/s/musicmagpie/e42c730e-4957-4972-832d-a010e6490ad7
24_Nov_22,iPhone XS Max,iPhone XS Max 256 GB - Gold - Unlocked,256,Gold,https://www.backmarket.co.uk/en-gb/p/iphone-xs-max-256-gb-gold-unlocked/49cee1e1-222d-4b48-853a-cfdc351a716e,283.30,350.00,345.75,4.3,148,Buyur,https://www.backmarket.co.uk/en-gb/s/buyur/850616f1-61f6-45d8-9f1b-7b372b42b727
24_Nov_22,iPhone XS Max,iPhone XS Max 512 GB - Gold - Unlocked,512,Gold,https://www.backmarket.co.uk/en-gb/p/iphone-xs-max-512-gb-gold-unlocked/4e8cb611-b5c2-45f7-804b-59072a24d51a,314.99,-1,-1,4.3,148,Phones Direct UK,https://www.backmarket.co.uk/en-gb/s/phones-direct-uk/8e67e8fd-ad92-45e1-8584-66a4296a1d30
24_Nov_22,iPhone 7 Plus,iPhone 7 Plus 128 GB - Jet Black - Unlocked,128,Jet Black,https://www.backmarket.co.uk/en-gb/p/iphone-7-plus-128-gb-jet-black-unlocked/8c15c234-0651-431a-bddc-726f93b5b96b,161.02,189.95,279.00,4.2,97,musicMagpie,https://www.backmarket.co.uk/en-gb/s/musicmagpie/e42c730e-4957-4972-832d-a010e6490ad7
24_Nov_22,iPhone 7 Plus,iPhone 7 Plus 256 GB - Jet Black - Unlocked,256,Jet Black,https://www.backmarket.co.uk/en-gb/p/iphone-7-plus-256-gb-jet-black-unlocked/47c95e02-b151-42a3-b5cc-e06c98e31388,-1,-1,329.00,4.2,97,Regents Impex Ltd,https://www.backmarket.co.uk/en-gb/s/regents-impex-ltd/e19f6676-7687-4338-bc69-4028b803794b
24_Nov_22,iPhone 13 mini,iPhone 13 mini 128 GB - Green - Unlocked,128,Green,https://www.backmarket.co.uk/en-gb/p/iphone-13-mini-128-gb-green-unlocked/d7b8b208-3e4b-409f-b93e-5603b8e6face,-1,-1,612.00,4.8,47,musicMagpie,https://www.backmarket.co.uk/en-gb/s/musicmagpie/e42c730e-4957-4972-832d-a010e6490ad7
24_Nov_22,iPhone 14 Plus,iPhone 14 Plus 256 GB - Starlight - Unlocked,256,Starlight,https://www.backmarket.co.uk/en-gb/p/gb/36ab3a80-b311-4b24-9c95-6570d2d5d3a6,-1,-1,"1,055.00",2.7,2,(NI) Britain Tech Ltd,https://www.backmarket.co.uk/en-gb/s/ni-britain-tech-ltd/dbe4c2c5-4300-4645-b103-1989a366b47c
24_Nov_22,iPhone 14,iPhone 14 128 GB - (Product)Red - Unlocked,128,(PRODUCT)Red,https://www.backmarket.co.uk/en-gb/p/gb/d61d0800-a563-4e5c-a1e6-652f44de4d4f,-1,-1,848.00,N/A,N/A,Meelie,https://www.backmarket.co.uk/en-gb/s/meelie/b0c40e78-e982-4fdd-8e02-653c7bcb0496
24_Nov_22,iPhone 14,iPhone 14 128 GB - Purple - Unlocked,128,Purple,https://www.backmarket.co.uk/en-gb/p/gb/99165e75-52a8-4442-8f7b-a64778ee6dff,779.00,-1,845.00,N/A,N/A,SMT Commerce Ltd,https://www.backmarket.co.uk/en-gb/s/smt-commerce-ltd/ac9880a2-34d4-482c-8d1b-3e282507a3f4
24_Nov_22,iPhone 12 Pro,iPhone 12 Pro 128 GB - Gold - Unlocked,128,Gold,https://www.backmarket.co.uk/en-gb/p/iphone-12-pro-128-gb-gold-unlocked/6819199d-d531-4fc0-a1ee-6e63d1088b2f,449.88,490.27,541.67,4.3,270,Phones Direct UK,https://www.backmarket.co.uk/en-gb/s/phones-direct-uk/8e67e8fd-ad92-45e1-8584-66a4296a1d30
24_Nov_22,iPhone 12 Pro,iPhone 12 Pro 256 GB - Gold - Unlocked,256,Gold,https://www.backmarket.co.uk/en-gb/p/iphone-12-pro-256-gb-gold-unlocked/98562c21-3477-49b1-aece-b2e81e0dd700,491.00,780.13,662.00,4.3,270,GoodBuyTech,https://www.backmarket.co.uk/en-gb/s/goodbuytech/9815cd04-b74b-4ad3-8c57-6360ac25f8a1
24_Nov_22,iPhone 12 Pro,iPhone 12 Pro 512 GB - Gold - Unlocked,512,Gold,https://www.backmarket.co.uk/en-gb/p/iphone-12-pro-512-gb-gold-unlocked/56bc27b8-3299-4836-9c77-15694bbd55c1,541.00,-1,810.00,4.3,270,Stock Must Go Ltd,https://www.backmarket.co.uk/en-gb/s/stock-must-go-ltd/301ff8d7-9cf7-40b4-9992-66e03c0b1fab
24_Nov_22,iPhone 11 Pro,iPhone 11 Pro 64 GB - Silver - Unlocked,64,Silver,https://www.backmarket.co.uk/en-gb/p/iphone-11-pro-64-gb-silver-unlocked/fd9cd306-42bd-4422-a221-11a5d277c5d7,303.67,341.00,440.00,4.1,440,Stock Must Go Ltd,https://www.backmarket.co.uk/en-gb/s/stock-must-go-ltd/301ff8d7-9cf7-40b4-9992-66e03c0b1fab
24_Nov_22,iPhone 11 Pro,iPhone 11 Pro 512 GB - Silver - Unlocked,512,Silver,https://www.backmarket.co.uk/en-gb/p/iphone-11-pro-512-gb-silver-unlocked/88499b97-60bc-49c7-8bf1-b51462b17070,414.00,470.00,519.99,4.1,440,Loop Mobile,https://www.backmarket.co.uk/en-gb/s/loop-mobile/a7905780-155a-48a0-bdfd-149323f8cc21
24_Nov_22,iPhone 11 Pro,iPhone 11 Pro 256 GB - Silver - Unlocked,256,Silver,https://www.backmarket.co.uk/en-gb/p/iphone-11-pro-256-gb-silver-unlocked/87d1d523-ada8-4c34-98fb-e265be455f9f,360.31,419.60,479.41,4.1,440,Stock Must Go Ltd,https://www.backmarket.co.uk/en-gb/s/stock-must-go-ltd/301ff8d7-9cf7-40b4-9992-66e03c0b1fab
24_Nov_22,iPhone 6S Foreign operator,iPhone 6S 64 GB - Silver - Foreign Operator,64,Silver,https://www.backmarket.co.uk/en-gb/p/iphone-6s-64-gb-silver-foreign-operator/c198c015-cdc6-4556-8ed9-6cf1f36afb80,-1,-1,177.00,4.2,73,XTEC LTD,https://www.backmarket.co.uk/en-gb/s/xtec-ltd/0811094b-c0d5-4d0a-9b24-67ec1817e333
24_Nov_22,iPhone SE (2020),iPhone SE (2020) 64 GB - (Product)Red - Unlocked,64,(PRODUCT)Red,https://www.backmarket.co.uk/en-gb/p/iphone-se-2020-64-gb-productred-unlocked/90093873-7536-4915-b819-b561d6efdde6,139.31,148.67,158.06,4.4,998,BEST4TECH,https://www.backmarket.co.uk/en-gb/s/best4tech/03d04c9d-a534-4648-89d7-f8718b022d3a
24_Nov_22,iPhone SE (2020),iPhone SE (2020) 128 GB - (Product)Red - Unlocked,128,(PRODUCT)Red,https://www.backmarket.co.uk/en-gb/p/iphone-se-2020-128-gb-productred-unlocked/00649b5d-1b02-4259-b280-52bea1cc8c4e,168.15,191.19,201.63,4.4,998,BEST4TECH,https://www.backmarket.co.uk/en-gb/s/best4tech/03d04c9d-a534-4648-89d7-f8718b022d3a
24_Nov_22,iPhone SE (2020),iPhone SE (2020) 256 GB - (Product)Red - Unlocked,256,(PRODUCT)Red,https://www.backmarket.co.uk/en-gb/p/iphone-se-2020-256-gb-productred-unlocked/d998d90c-e3be-4d31-a759-cc39812a240c,186.47,199.00,209.00,4.4,998,Jq Solutions Ltd,https://www.backmarket.co.uk/en-gb/s/jq-solutions-ltd/93df56a9-270b-4093-a34e-6545a3604463
24_Nov_22,iPhone 12,iPhone 12 64 GB - Black - Unlocked,64,Black,https://www.backmarket.co.uk/en-gb/p/iphone-12-64-gb-black-unlocked/ec0b1d0d-251d-456e-bcd6-978be85e25d6,366.00,401.56,414.83,4.2,509,GoodBuyTech,https://www.backmarket.co.uk/en-gb/s/goodbuytech/9815cd04-b74b-4ad3-8c57-6360ac25f8a1
24_Nov_22,iPhone 12,iPhone 12 128 GB - Black - Unlocked,128,Black,https://www.backmarket.co.uk/en-gb/p/iphone-12-128-gb-black-unlocked/f494a8a4-ef58-4a1c-9495-a64d21fed02f,409.85,434.91,530.00,4.2,509,Phones Direct UK,https://www.backmarket.co.uk/en-gb/s/phones-direct-uk/8e67e8fd-ad92-45e1-8584-66a4296a1d30
24_Nov_22,iPhone 12,iPhone 12 256 GB - Black - Unlocked,256,Black,https://www.backmarket.co.uk/en-gb/p/iphone-12-256-gb-black-unlocked/86ce7095-db99-4d6f-a800-a48a7fa5db2f,439.00,499.00,599.99,4.2,509,WJD Repairs,https://www.backmarket.co.uk/en-gb/s/wjd-repairs/6ee42ea8-5802-4b81-bc58-598315fb1996
24_Nov_22,iPhone 12,iPhone 12 64 GB - Blue - Unlocked,64,Blue,https://www.backmarket.co.uk/en-gb/p/iphone-12-64-gb-blue-unlocked/0d7bc01c-3a57-4f7e-944d-966992390e97,377.14,399.99,411.49,4.2,509,Phones Direct UK,https://www.backmarket.co.uk/en-gb/s/phones-direct-uk/8e67e8fd-ad92-45e1-8584-66a4296a1d30
24_Nov_22,iPhone 12,iPhone 12 128 GB - Blue - Unlocked,128,Blue,https://www.backmarket.co.uk/en-gb/p/iphone-12-128-gb-blue-unlocked/f67c8c8c-8065-47cf-bf8c-d29994cd9869,389.76,441.42,519.99,4.2,509,Mazuma,https://www.backmarket.co.uk/en-gb/s/mazuma/47fc1be5-f8f6-4a6a-95d7-acccf733cc00
24_Nov_22,iPhone 12,iPhone 12 256 GB - Blue - Unlocked,256,Blue,https://www.backmarket.co.uk/en-gb/p/iphone-12-256-gb-blue-unlocked/3610d940-bd34-4092-b219-232aeaea6a67,450.00,491.62,737.50,4.2,509,Uber Link Ltd,https://www.backmarket.co.uk/en-gb/s/uber-link-ltd/616e236f-a83e-46c0-827d-c05f4740b8fa
24_Nov_22,iPhone 11,iPhone 11 64 GB - Black - Unlocked,64,Black,https://www.backmarket.co.uk/en-gb/p/iphone-11-64-gb-black-unlocked/0106bb6f-3975-4794-b9a0-7d920669484c,267.00,301.34,320.22,4.3,1650,tier1,https://www.backmarket.co.uk/en-gb/s/tier1/68da992f-687a-40a9-a61e-cf24c0d826bd
24_Nov_22,iPhone 11,iPhone 11 128 GB - Black - Unlocked,128,Black,https://www.backmarket.co.uk/en-gb/p/iphone-11-128-gb-black-unlocked/dfab99ae-8ec6-443e-bc25-34c882d1e0cd,280.00,365.16,375.62,4.3,1650,BEST4TECH,https://www.backmarket.co.uk/en-gb/s/best4tech/03d04c9d-a534-4648-89d7-f8718b022d3a
24_Nov_22,iPhone 11,iPhone 11 256 GB - Black - Unlocked,256,Black,https://www.backmarket.co.uk/en-gb/p/iphone-11-256-gb-black-unlocked/e04ea1fb-2779-4ac8-bed5-571eb9c13102,319.09,342.11,385.33,4.3,1650,Stock Must Go Ltd,https://www.backmarket.co.uk/en-gb/s/stock-must-go-ltd/301ff8d7-9cf7-40b4-9992-66e03c0b1fab
24_Nov_22,iPhone XS,iPhone XS 64 GB - Gold - Unlocked,64,Gold,https://www.backmarket.co.uk/en-gb/p/iphone-xs-64-gb-gold-unlocked/7737c5d7-56dc-4a95-a53a-b97467045c96,220.76,249.24,233.75,4.1,381,SmartFoneStoreUK,https://www.backmarket.co.uk/en-gb/s/smartfonestoreuk/b4aca31f-556b-472b-b737-206a2d1d9a82
24_Nov_22,iPhone XS,iPhone XS 256 GB - Gold - Unlocked,256,Gold,https://www.backmarket.co.uk/en-gb/p/iphone-xs-256-gb-gold-unlocked/eddc6437-fa57-4331-8ceb-8661cf52ccbb,280.00,299.75,326.35,4.1,381,Tech Tiger Group LTD,https://www.backmarket.co.uk/en-gb/s/tech-tiger-group-ltd/452e5d75-c6cc-4e5a-9d04-ec1e5152a229
24_Nov_22,iPhone X,iPhone X 64 GB - Space Gray - Unlocked,64,Space Gray,https://www.backmarket.co.uk/en-gb/p/iphone-x-64-gb-space-gray-unlocked/1bf201d4-6b3e-4e26-bdc3-a461268e96c9,209.57,218.00,234.82,4.2,334,GR Phones,https://www.backmarket.co.uk/en-gb/s/gr-phones/02aa17e8-75ff-442f-a09d-0590cc52b76a
24_Nov_22,iPhone X,iPhone X 256 GB - Space Gray - Unlocked,256,Space Gray,https://www.backmarket.co.uk/en-gb/p/iphone-x-256-gb-space-gray-unlocked/b0f759b9-dd02-4763-8c49-b035bb194e04,242.53,275.00,264.60,4.2,334,Phones Direct UK,https://www.backmarket.co.uk/en-gb/s/phones-direct-uk/8e67e8fd-ad92-45e1-8584-66a4296a1d30
24_Nov_22,iPhone XR,iPhone XR 64 GB - White - Unlocked,64,White,https://www.backmarket.co.uk/en-gb/p/iphone-xr-64-gb-white-unlocked/a5e0946a-3b23-45ec-8006-818c331a6439,218.50,230.00,261.90,4.4,691,Phones Direct UK,https://www.backmarket.co.uk/en-gb/s/phones-direct-uk/8e67e8fd-ad92-45e1-8584-66a4296a1d30
24_Nov_22,iPhone XR,iPhone XR 128 GB - White - Unlocked,128,White,https://www.backmarket.co.uk/en-gb/p/iphone-xr-128-gb-white-unlocked/8e8ac04c-275c-4976-9785-f6899a71a31c,240.00,259.00,299.95,4.4,691,BEST4TECH,https://www.backmarket.co.uk/en-gb/s/best4tech/03d04c9d-a534-4648-89d7-f8718b022d3a
24_Nov_22,iPhone SE (2020),iPhone SE (2020) 64 GB - Black - Unlocked,64,Black,https://www.backmarket.co.uk/en-gb/p/iphone-se-2020-64-gb-black-unlocked/902fddb5-8531-4632-82c6-e72b3499d7b9,142.00,154.05,166.51,4.4,998,Mobile Reborn Ltd,https://www.backmarket.co.uk/en-gb/s/mobile-reborn-ltd/e22ea3d5-fd5f-40a7-8543-33d77b730eac
24_Nov_22,iPhone SE (2020),iPhone SE (2020) 128 GB - Black - Unlocked,128,Black,https://www.backmarket.co.uk/en-gb/p/iphone-se-2020-128-gb-black-unlocked/aa2db197-2380-4cbc-a55c-8c7df1df656c,158.67,190.07,191.44,4.4,998,BEST4TECH,https://www.backmarket.co.uk/en-gb/s/best4tech/03d04c9d-a534-4648-89d7-f8718b022d3a
24_Nov_22,iPhone SE (2020),iPhone SE (2020) 256 GB - Black - Unlocked,256,Black,https://www.backmarket.co.uk/en-gb/p/iphone-se-2020-256-gb-black-unlocked/f00b7433-3de7-4f86-a383-883511042a57,184.04,199.01,209.00,4.4,998,Buyur,https://www.backmarket.co.uk/en-gb/s/buyur/850616f1-61f6-45d8-9f1b-7b372b42b727
24_Nov_22,iPhone SE (2020),iPhone SE (2020) 64 GB - White - Unlocked,64,White,https://www.backmarket.co.uk/en-gb/p/iphone-se-2020-64-gb-white-unlocked/528e9e51-23c6-4899-95c0-11d6fda4e682,144.39,148.34,167.51,4.4,998,MMAPHONESLTD,https://www.backmarket.co.uk/en-gb/s/mmaphonesltd/e015fdde-43ec-4196-bf57-40fce9aac878
24_Nov_22,iPhone SE (2020),iPhone SE (2020) 128 GB - White - Unlocked,128,White,https://www.backmarket.co.uk/en-gb/p/iphone-se-2020-128-gb-white-unlocked/b0ceab1a-ca86-41cf-ad78-e3f7f92c3fa4,155.95,186.79,189.64,4.4,998,Stock Must Go Ltd,https://www.backmarket.co.uk/en-gb/s/stock-must-go-ltd/301ff8d7-9cf7-40b4-9992-66e03c0b1fab
24_Nov_22,iPhone SE (2020),iPhone SE (2020) 256 GB - White - Unlocked,256,White,https://www.backmarket.co.uk/en-gb/p/iphone-se-2020-256-gb-white-unlocked/73f72eba-b97b-43fa-8888-d0343674e8ea,186.57,189.00,209.00,4.4,998,Jq Solutions Ltd,https://www.backmarket.co.uk/en-gb/s/jq-solutions-ltd/93df56a9-270b-4093-a34e-6545a3604463
24_Nov_22,iPhone X,iPhone X 64 GB - Silver - Unlocked,64,Silver,https://www.backmarket.co.uk/en-gb/p/iphone-x-64-gb-silver-unlocked/8822c6ae-4e5d-4b02-a681-4b28843fce2c,194.30,240.00,230.59,4.2,334,Buyur,https://www.backmarket.co.uk/en-gb/s/buyur/850616f1-61f6-45d8-9f1b-7b372b42b727
24_Nov_22,iPhone X,iPhone X 256 GB - Silver - Unlocked,256,Silver,https://www.backmarket.co.uk/en-gb/p/iphone-x-256-gb-silver-unlocked/b8743e87-5b9b-4bb4-969a-f7f792b04618,249.95,241.52,263.54,4.2,334,Phones Direct UK,https://www.backmarket.co.uk/en-gb/s/phones-direct-uk/8e67e8fd-ad92-45e1-8584-66a4296a1d30
24_Nov_22,iPhone 12,iPhone 12 64 GB - Green - Unlocked,64,Green,https://www.backmarket.co.uk/en-gb/p/iphone-12-64-gb-green-unlocked/e86cdb2d-f126-4548-b5c1-967c4a7446a0,366.61,406.32,414.83,4.2,509,Want a New Gadget,https://www.backmarket.co.uk/en-gb/s/want-a-new-gadget/327dc091-b378-4cc8-9034-5ab83a1232fb
24_Nov_22,iPhone 12,iPhone 12 128 GB - Green - Unlocked,128,Green,https://www.backmarket.co.uk/en-gb/p/iphone-12-128-gb-green-unlocked/8e6e5d35-299d-4a09-82e3-6251e6ec4322,436.38,532.62,509.99,4.2,508,Buyur,https://www.backmarket.co.uk/en-gb/s/buyur/850616f1-61f6-45d8-9f1b-7b372b42b727
24_Nov_22,iPhone 12,iPhone 12 256 GB - Green - Unlocked,256,Green,https://www.backmarket.co.uk/en-gb/p/iphone-12-256-gb-green-unlocked/25319e69-c676-4564-b97b-ad565f68d64e,477.00,498.00,559.99,4.2,509,GoodBuyTech,https://www.backmarket.co.uk/en-gb/s/goodbuytech/9815cd04-b74b-4ad3-8c57-6360ac25f8a1
24_Nov_22,iPhone SE (2022),iPhone SE (2022) 64 GB - Midnight - Unlocked,64,Midnight,https://www.backmarket.co.uk/en-gb/p/iphone-se-2022-64-gb-midnight-unlocked/4372a69b-38bf-4db1-873f-abc38dcc39b3,-1,448.00,-1,4.5,45,Lizard Tech Solutions Limited,https://www.backmarket.co.uk/en-gb/s/lizard-tech-solutions-limited/1ee814ce-91ad-42cf-8725-e9d242d89cab
