date,excellent,fair,good,link,product_id,product_name,provider,rating,reviews
31_Oct_22,469.98,344.00,364.05,https://www.backmarket.co.uk/en-gb/p/iphone-11-pro-256-gb-silver-unlocked/87d1d523-ada8-4c34-98fb-e265be455f9f,iPhone 11 Pro 256 GB - Silver - Unlocked,iPhone 11 Pro,Loop Mobile,4.1,408
31_Oct_22,297.00,Sold out,Sold out,https://www.backmarket.co.uk/en-gb/p/iphone-8-plus-128-gb-silver-unlocked/31b45679-2f6e-4ae9-a13e-5f5a25a88408,iPhone 8 Plus 128 GB - Silver - Unlocked,iPhone 8 Plus,Regents Impex Ltd,4.4,181
31_Oct_22,299.00,234.00,249.00,https://www.backmarket.co.uk/en-gb/p/iphone-8-plus-128-gb-gold-unlocked/a39d1f5d-3224-45de-bea5-5892ad777e29,iPhone 8 Plus 128 GB - Gold - Unlocked,iPhone 8 Plus,GoodBuyTech,4.4,181
31_Oct_22,298.00,Sold out,Sold out,https://www.backmarket.co.uk/en-gb/p/iphone-8-plus-128-gb-space-gray-unlocked/531d29d3-4162-4736-b926-c95f701da346,iPhone 8 Plus 128 GB - Space Gray - Unlocked,iPhone 8 Plus,Regents Impex Ltd,4.4,181
31_Oct_22,493.00,328.65,364.05,https://www.backmarket.co.uk/en-gb/p/iphone-11-pro-256-gb-gold-unlocked/b79d17eb-b1b8-49c4-8307-3a053176ab23,iPhone 11 Pro 256 GB - Gold - Unlocked,iPhone 11 Pro,Uber Link Ltd,4.1,408
31_Oct_22,394.00,344.00,355.99,https://www.backmarket.co.uk/en-gb/p/iphone-11-pro-256-gb-midnight-green-unlocked/a998bc4e-a6ae-49ad-bfe0-298b68630d06,iPhone 11 Pro 256 GB - Midnight Green - Unlocked,iPhone 11 Pro,Loop Mobile,4.1,408
31_Oct_22,403.25,327.03,359.03,https://www.backmarket.co.uk/en-gb/p/iphone-11-pro-256-gb-space-gray-unlocked/934ce03d-d77d-4ec3-9316-ba84614ad715,iPhone 11 Pro 256 GB - Space Gray - Unlocked,iPhone 11 Pro,Stock Must Go Ltd,4.1,408
31_Oct_22,249.00,139.00,169.95,https://www.backmarket.co.uk/en-gb/p/iphone-7-256-gb-jet-black-unlocked/758a78d2-71bc-4faa-a663-b2a65b625e82,iPhone 7 256 GB - Jet Black - Unlocked,iPhone 7,MMAPHONESLTD,4.2,290
31_Oct_22,169.00,119.00,129.00,https://www.backmarket.co.uk/en-gb/p/iphone-7-256-gb-black-unlocked/a3b552e4-0a06-4ce4-b058-65c34948b982,iPhone 7 256 GB - Black - Unlocked,iPhone 7,Stock Must Go Ltd,4.2,290
31_Oct_22,169.00,Sold out,150.00,https://www.backmarket.co.uk/en-gb/p/iphone-7-256-gb-silver-unlocked/e8a9150c-8127-44c6-a31c-c4c47cc8cafc,iPhone 7 256 GB - Silver - Unlocked,iPhone 7,RueZone,4.2,290
31_Oct_22,245.00,Sold out,Sold out,https://www.backmarket.co.uk/en-gb/p/iphone-7-256-gb-productred-unlocked/3e27d9ea-a249-436a-99de-f18009238de8,iPhone 7 256 GB - (Product)Red - Unlocked,iPhone 7,Regents Impex Ltd,4.2,290
31_Oct_22,169.00,Sold out,Sold out,https://www.backmarket.co.uk/en-gb/p/iphone-7-256-gb-gold-unlocked/8545d0ca-a361-4e79-99a5-cf5df8086006,iPhone 7 256 GB - Gold - Unlocked,iPhone 7,MMAPHONESLTD,4.2,290
31_Oct_22,228.00,Sold out,Sold out,https://www.backmarket.co.uk/en-gb/p/iphone-7-256-gb-rose-gold-unlocked/74d3a602-a926-4494-9b53-da6c811a3094,iPhone 7 256 GB - Rose Gold - Unlocked,iPhone 7,Regents Impex Ltd,4.2,290
31_Oct_22,"1,200.00",Sold out,Sold out,https://www.backmarket.co.uk/en-gb/p/iphone-13-pro-max-1000-gb-graphite-unlocked/bbafec5a-2bb4-4d1a-94da-7889b0295c67,iPhone 13 Pro Max 1000 GB - Graphite - Unlocked,iPhone 13 Pro Max,BEST4TECH,4.6,121
31_Oct_22,"1,299.00",Sold out,Sold out,https://www.backmarket.co.uk/en-gb/p/iphone-13-pro-max-1000-gb-graphite-unlocked/f21ed65d-0d37-48ed-8adb-f5a9a95f01c7,iPhone 13 Pro Max 1000 GB - Alpine Green - Unlocked,iPhone 13 Pro Max,Getmobiles.co.uk,4.6,121
31_Oct_22,"1,055.00",Sold out,Sold out,https://www.backmarket.co.uk/en-gb/p/gb/caa34382-eb03-46b9-a30e-9d2c2547922f,iPhone 14 Plus 256 GB - Blue - Unlocked,iPhone 14 Plus,(NI) Britain Tech Ltd,N/A,N/A
31_Oct_22,"1,389.13","1,099.00",Sold out,https://www.backmarket.co.uk/en-gb/p/iphone-13-pro-max-1000-gb-sierra-blue-unlocked/372ef883-4c52-4a89-98ce-0ae3d216cad5,iPhone 13 Pro Max 1000 GB - Sierra Blue - Unlocked,iPhone 13 Pro Max,Stock Must Go Ltd,4.6,121
31_Oct_22,"1,246.00",Sold out,"1,388.26",https://www.backmarket.co.uk/en-gb/p/iphone-13-pro-max-1000-gb-gold-unlocked/d2fffd8d-f0e5-438b-aecd-e8506e52ab8d,iPhone 13 Pro Max 1000 GB - Gold - Unlocked,iPhone 13 Pro Max,musicMagpie,4.6,121
31_Oct_22,"1,055.00",Sold out,Sold out,https://www.backmarket.co.uk/en-gb/p/gb/141206ea-5786-460a-bb6f-de16e222fee3,iPhone 14 Plus 256 GB - Midnight - Unlocked,iPhone 14 Plus,(NI) Britain Tech Ltd,N/A,N/A
31_Oct_22,"1,050.00",Sold out,Sold out,https://www.backmarket.co.uk/en-gb/p/gb/67ec5d65-ee69-4a23-861e-86356f12b15d,iPhone 14 Plus 256 GB - Purple - Unlocked,iPhone 14 Plus,(NI) Britain Tech Ltd,N/A,N/A
31_Oct_22,Sold out,"1,499.00",Sold out,https://www.backmarket.co.uk/en-gb/p/iphone-13-pro-max-1000-gb-silver-unlocked/2b172839-ecc5-43b7-b52e-f01aded97ddc,iPhone 13 Pro Max 1000 GB - Silver - Unlocked,iPhone 13 Pro Max,Stock Must Go Ltd,4.6,121
31_Oct_22,"1,055.00",Sold out,Sold out,https://www.backmarket.co.uk/en-gb/p/gb/36ab3a80-b311-4b24-9c95-6570d2d5d3a6,iPhone 14 Plus 256 GB - Starlight - Unlocked,iPhone 14 Plus,(NI) Britain Tech Ltd,N/A,N/A
31_Oct_22,974.00,917.50,944.00,https://www.backmarket.co.uk/en-gb/p/iphone-13-pro-1000-gb-sierra-blue-unlocked/1080f60b-6d16-4280-83a1-2f920327043f,iPhone 13 Pro 1000 GB - Sierra Blue - Unlocked,iPhone 13 Pro,Loop Mobile,4.5,136
31_Oct_22,974.00,827.66,944.00,https://www.backmarket.co.uk/en-gb/p/iphone-13-pro-1000-gb-graphite-unlocked/cfd58ffc-b2b6-4079-a216-f075cd26918f,iPhone 13 Pro 1000 GB - Graphite - Unlocked,iPhone 13 Pro,Stock Must Go Ltd,4.5,136
31_Oct_22,"1,001.72",929.99,"1,140.00",https://www.backmarket.co.uk/en-gb/p/iphone-13-pro-max-512-gb-graphite-unlocked/5f34ddae-a1a4-4daa-8eca-4dfe5d596b68,iPhone 13 Pro Max 512 GB - Graphite - Unlocked,iPhone 13 Pro Max,Phones Direct UK,4.6,121
31_Oct_22,949.99,Sold out,Sold out,https://www.backmarket.co.uk/en-gb/p/iphone-13-pro-512-gb-sierra-blue-unlocked/36fe3f9e-1731-4354-aaf1-c7440b7e396f,iPhone 13 Pro 512 GB - Alpine Green - Unlocked,iPhone 13 Pro,Mazuma,4.5,136
31_Oct_22,"1,193.50",Sold out,"1,259.00",https://www.backmarket.co.uk/en-gb/p/iphone-13-pro-max-512-gb-graphite-unlocked/4e29c42d-727c-4beb-a425-be0187a211e9,iPhone 13 Pro Max 512 GB - Alpine Green - Unlocked,iPhone 13 Pro Max,Mazuma,4.6,121
31_Oct_22,940.57,924.00,944.00,https://www.backmarket.co.uk/en-gb/p/iphone-13-pro-1000-gb-gold-unlocked/54a9246d-4935-429f-91cb-ac31531c9960,iPhone 13 Pro 1000 GB - Silver - Unlocked,iPhone 13 Pro,Loop Mobile,4.5,136
31_Oct_22,970.00,884.99,920.00,https://www.backmarket.co.uk/en-gb/p/iphone-13-pro-max-512-gb-sierra-blue-unlocked/fe1ab4be-2963-48b3-84bd-658c516261d0,iPhone 13 Pro Max 512 GB - Sierra Blue - Unlocked,iPhone 13 Pro Max,Mazuma,4.6,121
31_Oct_22,"1,106.76","1,110.00",Sold out,https://www.backmarket.co.uk/en-gb/p/iphone-13-pro-max-512-gb-silver-unlocked/b9c65b50-3eca-4e6c-8c2b-0e5635893680,iPhone 13 Pro Max 512 GB - Silver - Unlocked,iPhone 13 Pro Max,BEST4TECH,4.6,121
31_Oct_22,Sold out,929.00,Sold out,https://www.backmarket.co.uk/en-gb/p/iphone-13-pro-max-512-gb-gold-unlocked/40d4e6e0-5348-44e8-b334-e2a92593b6f0,iPhone 13 Pro Max 512 GB - Gold - Unlocked,iPhone 13 Pro Max,Getmobiles.co.uk,4.6,121
31_Oct_22,Sold out,Sold out,800.00,https://www.backmarket.co.uk/en-gb/p/iphone-13-mini-512-gb-unlocked/7f1b1e85-d352-41a6-9386-20d1b9aab87b,iPhone 13 mini 512 GB - Midnight - Unlocked,iPhone 13 mini,(NI) Britain Tech Ltd,4.7,47
31_Oct_22,Sold out,599.00,680.00,https://www.backmarket.co.uk/en-gb/p/iphone-13-mini-256-gb-green-unlocked/a1ad833c-83f7-4987-ad98-4296836da0fb,iPhone 13 mini 256 GB - Green - Unlocked,iPhone 13 mini,Digital Techno,4.7,47
31_Oct_22,Sold out,Sold out,846.25,https://www.backmarket.co.uk/en-gb/p/iphone-13-mini-512-gb-productred-unlocked/27ec1c46-06ca-447e-88ed-ca9dafd959fe,iPhone 13 mini 512 GB - (Product)Red - Unlocked,iPhone 13 mini,(NI) Britain Tech Ltd,4.7,47
31_Oct_22,269.00,239.99,Sold out,https://www.backmarket.co.uk/en-gb/p/iphone-8-plus-256-gb-productred-unlocked/3eef769a-9c92-4a18-8115-013a13c5f270,iPhone 8 Plus 256 GB - (Product)Red - Unlocked,iPhone 8 Plus,Phones Direct UK,4.4,181
31_Oct_22,Sold out,"1,085.00",Sold out,https://www.backmarket.co.uk/en-gb/p/iphone-13-pro-1000-gb-gold-unlocked/d5167769-a85a-415d-a5eb-0fa019416271,iPhone 13 Pro 1000 GB - Gold - Unlocked,iPhone 13 Pro,(NI) Britain Tech Ltd,4.5,136
31_Oct_22,Sold out,Sold out,815.00,https://www.backmarket.co.uk/en-gb/p/iphone-13-mini-512-gb-blue-unlocked/d6d3cb08-5785-4e42-a3bb-f6c1e61718c1,iPhone 13 mini 512 GB - Blue - Unlocked,iPhone 13 mini,(NI) Britain Tech Ltd,4.7,47
31_Oct_22,830.00,Sold out,954.13,https://www.backmarket.co.uk/en-gb/p/iphone-13-512-gb-unlocked/57714cb2-bb00-4a67-b7ef-e45b1f799b90,iPhone 13 512 GB - Midnight - Unlocked,iPhone 13,musicMagpie,4.6,122
31_Oct_22,Sold out,655.00,644.27,https://www.backmarket.co.uk/en-gb/p/iphone-13-mini-256-gb-productred-unlocked/cf289831-e6b5-463e-999d-c6d352796288,iPhone 13 mini 256 GB - Red - Unlocked,iPhone 13 mini,SmartFoneStoreUK,4.7,47
31_Oct_22,799.00,899.00,850.00,https://www.backmarket.co.uk/en-gb/p/iphone-13-256-gb-green-unlocked/6b725a0e-3c5c-4ac4-bcbb-6081176ffdee,iPhone 13 256 GB - Green - Unlocked,iPhone 13,Getmobiles.co.uk,4.6,122
31_Oct_22,Sold out,999.00,830.00,https://www.backmarket.co.uk/en-gb/p/iphone-13-512-gb-pink-unlocked/45d1d91f-70d4-4ffc-bb26-6a28b558d4f6,iPhone 13 512 GB - Pink - Unlocked,iPhone 13,(NI) Britain Tech Ltd,4.6,122
31_Oct_22,799.99,Sold out,Sold out,https://www.backmarket.co.uk/en-gb/p/iphone-13-512-gb-blue-unlocked/d505f4c1-eaac-42be-9ef8-cc4d1a2862ee,iPhone 13 512 GB - Blue - Unlocked,iPhone 13,Mazuma,4.6,122
31_Oct_22,"1,049.00",Sold out,Sold out,https://www.backmarket.co.uk/en-gb/p/iphone-13-512-gb-productred-unlocked/0856adb6-cf00-4967-b75c-f7c55723027b,iPhone 13 512 GB - Red - Unlocked,iPhone 13,Fone-Central Ltd,4.6,122
31_Oct_22,Sold out,Sold out,688.17,https://www.backmarket.co.uk/en-gb/p/iphone-13-mini-256-gb-unlocked/152b5158-1407-4949-a976-e04012f93f2b,iPhone 13 mini 256 GB - Midnight - Unlocked,iPhone 13 mini,SmartFoneStoreUK,4.7,47
31_Oct_22,699.99,675.00,Sold out,https://www.backmarket.co.uk/en-gb/p/iphone-13-mini-256-gb-blue-unlocked/a47e8889-ee72-47fc-b0d2-21b0887903f6,iPhone 13 mini 256 GB - Blue - Unlocked,iPhone 13 mini,(NI) Britain Tech Ltd,4.7,47
31_Oct_22,563.50,405.00,431.00,https://www.backmarket.co.uk/en-gb/p/iphone-12-mini-256-gb-black-unlocked/dfb6daed-e9a5-4f63-80e3-9fc39a94a931,iPhone 12 mini 256 GB - Black - Unlocked,iPhone 12 mini,musicMagpie,4.3,184
31_Oct_22,329.00,Sold out,Sold out,https://www.backmarket.co.uk/en-gb/p/iphone-7-plus-256-gb-jet-black-unlocked/47c95e02-b151-42a3-b5cc-e06c98e31388,iPhone 7 Plus 256 GB - Jet Black - Unlocked,iPhone 7 Plus,Regents Impex Ltd,4.2,98
31_Oct_22,547.14,Sold out,599.00,https://www.backmarket.co.uk/en-gb/p/iphone-12-mini-256-gb-purple-unlocked/c39a4b7d-6acb-49f2-bf03-370ffc6c22ed,iPhone 12 mini 256 GB - Purple - Unlocked,iPhone 12 mini,(NI) Britain Tech Ltd,4.3,184
31_Oct_22,876.70,Sold out,Sold out,https://www.backmarket.co.uk/en-gb/p/iphone-13-512-gb-unlocked/81ab240b-44af-4bb1-a59a-1321ffdd74ba,iPhone 13 512 GB - Starlight - Unlocked,iPhone 13,(NI) Britain Tech Ltd,4.6,122
31_Oct_22,Sold out,484.14,606.13,https://www.backmarket.co.uk/en-gb/p/iphone-12-mini-256-gb-productred-unlocked/7c733224-46d2-46d8-823b-7e39a4be591b,iPhone 12 mini 256 GB - Red - Unlocked,iPhone 12 mini,ANIMUS CORPORATION N.I LIMITED,4.3,184
31_Oct_22,494.00,381.34,421.47,https://www.backmarket.co.uk/en-gb/p/iphone-12-mini-256-gb-blue-unlocked/526f50df-4933-4fd4-9789-213063e3b3db,iPhone 12 mini 256 GB - Blue - Unlocked,iPhone 12 mini,Phones Direct UK,4.3,184
31_Oct_22,464.00,404.99,444.00,https://www.backmarket.co.uk/en-gb/p/iphone-12-mini-256-gb-green-unlocked/773d0216-cfd9-4713-919c-10f92949fd68,iPhone 12 mini 256 GB - Green - Unlocked,iPhone 12 mini,Phones Direct UK,4.3,184
31_Oct_22,276.00,189.00,Sold out,https://www.backmarket.co.uk/en-gb/p/iphone-7-plus-256-gb-productred-unlocked/62717e7e-8352-46d7-aaae-1cb398f0bf0b,iPhone 7 Plus 256 GB - Red - Unlocked,iPhone 7 Plus,Cellentric Ltd,4.2,98
31_Oct_22,445.00,Sold out,Sold out,https://www.backmarket.co.uk/en-gb/p/iphone-xr-256-gb-black-unlocked/a215361c-00df-4c78-a497-6072fb5d78f8,iPhone XR 256 GB - Black - Unlocked,iPhone XR,Regents Impex Ltd,4.5,736
31_Oct_22,328.00,229.00,199.00,https://www.backmarket.co.uk/en-gb/p/iphone-7-plus-256-gb-silver-unlocked/ca7a69fb-586a-494c-b3bd-e44bdb3ee238,iPhone 7 Plus 256 GB - Silver - Unlocked,iPhone 7 Plus,SmartFoneStoreUK,4.2,98
31_Oct_22,646.15,394.36,431.00,https://www.backmarket.co.uk/en-gb/p/iphone-12-mini-256-gb-white-unlocked/69367c09-a621-4c1d-9929-055097ca2da0,iPhone 12 mini 256 GB - White - Unlocked,iPhone 12 mini,Stock Must Go Ltd,4.3,184
31_Oct_22,283.00,288.00,292.00,https://www.backmarket.co.uk/en-gb/p/iphone-xr-256-gb-productred-unlocked/dd11d898-29e5-4d3e-b932-14fb1bea537e,iPhone XR 256 GB - (Product)Red - Unlocked,iPhone XR,We Sell Mobiles,4.5,736
31_Oct_22,329.00,200.00,250.00,https://www.backmarket.co.uk/en-gb/p/iphone-7-plus-256-gb-black-unlocked/0822214e-fb2b-4a5a-a257-075a6888e312,iPhone 7 Plus 256 GB - Black - Unlocked,iPhone 7 Plus,RECOMM,4.2,98
31_Oct_22,322.00,Sold out,Sold out,https://www.backmarket.co.uk/en-gb/p/iphone-7-plus-256-gb-gold-unlocked/9ef5c61d-16af-476f-a8fd-5c2e718741b6,iPhone 7 Plus 256 GB - Gold - Unlocked,iPhone 7 Plus,Regents Impex Ltd,4.2,98
31_Oct_22,329.00,Sold out,Sold out,https://www.backmarket.co.uk/en-gb/p/iphone-7-plus-256-gb-rose-gold-unlocked/d2d75ac5-11cd-4e2f-b777-a22c54300e80,iPhone 7 Plus 256 GB - Rose Gold - Unlocked,iPhone 7 Plus,Regents Impex Ltd,4.2,98
31_Oct_22,291.78,247.88,460.00,https://www.backmarket.co.uk/en-gb/p/iphone-xr-256-gb-blue-unlocked/c6762477-f8e8-4853-96b7-aefa14167271,iPhone XR 256 GB - Blue - Unlocked,iPhone XR,Stock Must Go Ltd,4.5,736
31_Oct_22,548.00,Sold out,Sold out,https://www.backmarket.co.uk/en-gb/p/iphone-xr-256-gb-white-unlocked/3ffb04bf-42c6-4e6a-8266-a854a8d1e6bb,iPhone XR 256 GB - White - Unlocked,iPhone XR,We Sell Mobiles,4.5,736
31_Oct_22,440.00,Sold out,Sold out,https://www.backmarket.co.uk/en-gb/p/iphone-xr-256-gb-yellow-unlocked/a8bd0307-0ac3-4347-beb8-2b7ffc74480c,iPhone XR 256 GB - Yellow - Unlocked,iPhone XR,Regents Impex Ltd,4.5,736
31_Oct_22,399.00,209.49,254.73,https://www.backmarket.co.uk/en-gb/p/iphone-xr-128-gb-coral-unlocked/d1f26a30-114e-4172-ac64-060eb5ec9869,iPhone XR 128 GB - Coral - Unlocked,iPhone XR,Phones Direct UK,4.5,736
31_Oct_22,139.00,134.00,Sold out,https://www.backmarket.co.uk/en-gb/p/iphone-6s-plus-32-gb-rose-gold-unlocked/bb578a46-40d3-4328-9fa8-53ab6210bd0b,iPhone 6S Plus 32 GB - Rose Gold - Unlocked,iPhone 6S Plus,musicMagpie,3.9,22
31_Oct_22,135.00,139.99,Sold out,https://www.backmarket.co.uk/en-gb/p/iphone-6s-plus-32-gb-space-gray-unlocked/877aaad9-75b9-459b-858a-575daa859b6e,iPhone 6S Plus 32 GB - Space Gray - Unlocked,iPhone 6S Plus,Gecko Mobile Shop,3.9,22
31_Oct_22,155.51,139.95,Sold out,https://www.backmarket.co.uk/en-gb/p/iphone-7-plus-128-gb-black-unlocked/2169b39e-4bdd-419e-8226-77e6dd07eee3,iPhone 7 Plus 128 GB - Black - Unlocked,iPhone 7 Plus,Buyur,4.2,98
31_Oct_22,139.00,Sold out,Sold out,https://www.backmarket.co.uk/en-gb/p/iphone-6s-plus-32-gb-silver-unlocked/4e4604bc-2c47-4959-bcdb-5a888390cf0a,iPhone 6S Plus 32 GB - Silver - Unlocked,iPhone 6S Plus,Gecko Mobile Shop,3.9,22
31_Oct_22,227.00,Sold out,Sold out,https://www.backmarket.co.uk/en-gb/p/iphone-6s-plus-32-gb-gold-unlocked/89b58f9e-a0ae-4414-8019-62e621fc4c02,iPhone 6S Plus 32 GB - Gold - Unlocked,iPhone 6S Plus,Regents Impex Ltd,3.9,22
31_Oct_22,219.69,Sold out,176.95,https://www.backmarket.co.uk/en-gb/p/iphone-7-plus-128-gb-gold-unlocked/9288697b-37de-4c21-b402-c011abbde290,iPhone 7 Plus 128 GB - Gold - Unlocked,iPhone 7 Plus,Buyur,4.2,95
31_Oct_22,Sold out,162.00,199.95,https://www.backmarket.co.uk/en-gb/p/iphone-7-plus-128-gb-jet-black-unlocked/8c15c234-0651-431a-bddc-726f93b5b96b,iPhone 7 Plus 128 GB - Jet Black - Unlocked,iPhone 7 Plus,musicMagpie,4.2,98
31_Oct_22,Sold out,119.00,Sold out,https://www.backmarket.co.uk/en-gb/p/iphone-6s-plus-16-gb-space-gray-unlocked/4c24a962-d7ef-4891-8138-25cf281cfd65,iPhone 6S Plus 16 GB - Space Gray - Unlocked,iPhone 6S Plus,Stock Must Go Ltd,3.9,22
31_Oct_22,169.00,171.13,180.00,https://www.backmarket.co.uk/en-gb/p/iphone-7-plus-128-gb-rose-gold-unlocked/c2a84153-0225-4dff-b0c3-d6671d8fda29,iPhone 7 Plus 128 GB - Rose Gold - Unlocked,iPhone 7 Plus,Digital Techno,4.2,95
31_Oct_22,214.96,161.00,165.52,https://www.backmarket.co.uk/en-gb/p/iphone-7-plus-128-gb-productred-unlocked/e009a3f2-ace0-43bf-b74c-75e21fc1eec3,iPhone 7 Plus 128 GB - Red - Unlocked,iPhone 7 Plus,Gecko Mobile Shop,4.2,98
31_Oct_22,75.33,75.00,66.38,https://www.backmarket.co.uk/en-gb/p/iphone-se-16-gb-space-gray-unlocked/66a00af2-210d-4cb2-a581-0018c7c890bf,iPhone SE 16 GB - Space Gray - Unlocked,iPhone SE,Cell Market Ltd,3.9,162
31_Oct_22,85.43,62.20,79.00,https://www.backmarket.co.uk/en-gb/p/iphone-se-32-gb-gold-unlocked/8157fb53-d554-4ed4-86a5-4ea7b4b22039,iPhone SE 32 GB - Gold - Unlocked,iPhone SE,MMAPHONESLTD,3.9,162
31_Oct_22,Sold out,Sold out,125.00,https://www.backmarket.co.uk/en-gb/p/iphone-6s-plus-16-gb-silver-unlocked/828d01f7-1a72-40d7-bf63-0e264643cb3a,iPhone 6S Plus 16 GB - Silver - Unlocked,iPhone 6S Plus,Gecko Mobile Shop,3.9,22
31_Oct_22,278.00,Sold out,194.95,https://www.backmarket.co.uk/en-gb/p/iphone-7-plus-128-gb-silver-unlocked/c24582af-c5e6-43bb-bfb3-7064c65a26b6,iPhone 7 Plus 128 GB - Silver - Unlocked,iPhone 7 Plus,Buyur,4.2,98
31_Oct_22,"1,000.00",609.00,Sold out,https://www.backmarket.co.uk/en-gb/p/iphone-12-pro-512-gb-gold-unlocked/56bc27b8-3299-4836-9c77-15694bbd55c1,iPhone 12 Pro 512 GB - Gold - Unlocked,iPhone 12 Pro,musicMagpie,4.3,222
31_Oct_22,664.50,557.70,589.99,https://www.backmarket.co.uk/en-gb/p/iphone-12-pro-512-gb-pacific-blue-unlocked/7692f1a2-fd7d-4710-aec8-f07154d94eb9,iPhone 12 Pro 512 GB - Pacific Blue - Unlocked,iPhone 12 Pro,Stock Must Go Ltd,4.3,220
31_Oct_22,Sold out,Sold out,121.00,https://www.backmarket.co.uk/en-gb/p/iphone-se-16-gb-silver-unlocked/57386697-3371-4592-9b3d-38a82ce59773,iPhone SE 16 GB - Silver - Unlocked,iPhone SE,Refurb Phone,3.9,162
31_Oct_22,Sold out,670.00,669.99,https://www.backmarket.co.uk/en-gb/p/iphone-12-pro-512-gb-silver-unlocked/5bbdb839-fe7e-481e-b747-538a588b4636,iPhone 12 Pro 512 GB - Silver - Unlocked,iPhone 12 Pro,Mazuma,4.3,222
31_Oct_22,Sold out,Sold out,79.00,https://www.backmarket.co.uk/en-gb/p/iphone-se-16-gb-rose-gold-unlocked/142b58dd-d0fb-48a4-bd62-236c01e9f3a5,iPhone SE 16 GB - Rose Gold - Unlocked,iPhone SE,GadgetReclaim Shop,3.9,162
31_Oct_22,Sold out,129.00,129.00,https://www.backmarket.co.uk/en-gb/p/iphone-6s-plus-16-gb-rose-gold-unlocked/7c19153a-24d1-464e-8385-2ee80ff7ea60,iPhone 6S Plus 16 GB - Rose Gold - Unlocked,iPhone 6S Plus,Gecko Mobile Shop,3.9,22
31_Oct_22,675.51,574.00,604.99,https://www.backmarket.co.uk/en-gb/p/iphone-12-pro-512-gb-graphite-unlocked/145124cf-d3c1-4f37-884f-38b322ff8abd,iPhone 12 Pro 512 GB - Graphite - Unlocked,iPhone 12 Pro,Loop Mobile,4.3,222
31_Oct_22,Sold out,361.00,520.00,https://www.backmarket.co.uk/en-gb/p/iphone-xs-max-512-gb-space-gray-unlocked/c7bfaa97-3c78-4842-95c9-228c6d29201e,iPhone XS Max 512 GB - Space Gray - Unlocked,iPhone XS Max,BEST4TECH,4.3,140
31_Oct_22,310.00,222.00,273.00,https://www.backmarket.co.uk/en-gb/p/iphone-xs-max-64-gb-silver-unlocked/c947c66c-faf1-466b-946a-9d897e26e339,iPhone XS Max 64 GB - Silver - Unlocked,iPhone XS Max,Stock Must Go Ltd,4.3,140
31_Oct_22,Sold out,350.00,350.00,https://www.backmarket.co.uk/en-gb/p/iphone-xs-max-512-gb-gold-unlocked/4e8cb611-b5c2-45f7-804b-59072a24d51a,iPhone XS Max 512 GB - Gold - Unlocked,iPhone XS Max,Technology Recycle Group Ltd,4.3,140
31_Oct_22,374.99,299.99,Sold out,https://www.backmarket.co.uk/en-gb/p/iphone-xs-512-gb-gold-unlocked/ec470852-c0f2-4bf7-9d19-ae3305756e2d,iPhone XS 512 GB - Gold - Unlocked,iPhone XS,Phones Direct UK,4.1,391
31_Oct_22,354.00,299.00,311.53,https://www.backmarket.co.uk/en-gb/p/iphone-xs-512-gb-space-gray-unlocked/10d42947-d452-447b-b7fe-b3c265c9e4e8,iPhone XS 512 GB - Space Gray - Unlocked,iPhone XS,Stock Must Go Ltd,4.1,391
31_Oct_22,139.00,126.00,138.95,https://www.backmarket.co.uk/en-gb/p/iphone-7-plus-32-gb-rose-gold-unlocked/7399e6ff-6f1b-4af3-8c17-01b5bfe7436d,iPhone 7 Plus 32 GB - Rose Gold - Unlocked,iPhone 7 Plus,musicMagpie,4.2,98
31_Oct_22,400.00,314.95,Sold out,https://www.backmarket.co.uk/en-gb/p/iphone-xs-512-gb-silver-unlocked/624796e3-a2d3-42cb-9c22-910c5e4a38ea,iPhone XS 512 GB - Silver - Unlocked,iPhone XS,Buyur,4.1,391
31_Oct_22,126.04,114.79,125.00,https://www.backmarket.co.uk/en-gb/p/iphone-7-plus-32-gb-black-unlocked/84d1b8f7-2efa-4ff5-810b-e75032ed8bad,iPhone 7 Plus 32 GB - Black - Unlocked,iPhone 7 Plus,Next Day Mobiles LTD,4.2,98
31_Oct_22,137.65,Sold out,Sold out,https://www.backmarket.co.uk/en-gb/p/iphone-7-plus-32-gb-silver-unlocked/7b2ecd61-d363-4ea6-a595-af602cc77d4e,iPhone 7 Plus 32 GB - Silver - Unlocked,iPhone 7 Plus,GadgetReclaim Shop,4.2,98
31_Oct_22,Sold out,Sold out,150.00,https://www.backmarket.co.uk/en-gb/p/iphone-6s-128-gb-gold-unlocked/2dcb2845-131d-4892-942b-fe2357ca5f27,iPhone 6S 128 GB - Gold - Unlocked,iPhone 6S,Cell Market Ltd,4.2,78
31_Oct_22,115.00,82.92,86.74,https://www.backmarket.co.uk/en-gb/p/iphone-6s-32-gb-space-gray-unlocked/c0b51739-72ea-4a79-91b3-72e1b52d0c08,iPhone 6S 32 GB - Space Gray - Unlocked,iPhone 6S,musicMagpie,4.2,78
31_Oct_22,Sold out,129.00,Sold out,https://www.backmarket.co.uk/en-gb/p/iphone-7-plus-32-gb-jet-black-unlocked/bc3de452-4b8e-4496-9749-887b547822e9,iPhone 7 Plus 32 GB - Jet Black - Unlocked,iPhone 7 Plus,Next Day Mobiles LTD,4.2,98
31_Oct_22,Sold out,129.00,208.00,https://www.backmarket.co.uk/en-gb/p/iphone-6s-128-gb-silver-unlocked/27155af3-3ed0-4913-9edb-0a0885c1cc1e,iPhone 6S 128 GB - Silver - Unlocked,iPhone 6S,SmartFoneStoreUK,4.2,78
31_Oct_22,95.00,94.00,Sold out,https://www.backmarket.co.uk/en-gb/p/iphone-6-32-gb-unlocked/c01d8d0f-0b06-4a93-913c-18bbf327fb16,iPhone 6s 32 GB - Grey - Unlocked,iPhone 6s,Stock Must Go Ltd,4.2,78
31_Oct_22,102.23,90.00,108.00,https://www.backmarket.co.uk/en-gb/p/iphone-6s-32-gb-rose-gold-unlocked/c921afde-91f5-48e8-8e48-b44b3d29db57,iPhone 6S 32 GB - Rose Gold - Unlocked,iPhone 6S,Cell Market Ltd,4.2,78
31_Oct_22,Sold out,128.58,131.89,https://www.backmarket.co.uk/en-gb/p/iphone-7-plus-32-gb-gold-unlocked/7151fccf-5c5b-49b3-ab74-a55260fd19ee,iPhone 7 Plus 32 GB - Gold - Unlocked,iPhone 7 Plus,Buyur,4.2,98
31_Oct_22,104.99,95.00,Sold out,https://www.backmarket.co.uk/en-gb/p/iphone-6s-16-gb-silver-unlocked/6d373102-6314-4c7f-95c3-5f5d9bd161d7,iPhone 6S 16 GB - Silver - Unlocked,iPhone 6S,Londonmagicstore UK LTD,4.2,78
31_Oct_22,95.00,95.00,Sold out,https://www.backmarket.co.uk/en-gb/p/iphone-6s-16-gb-rose-gold-unlocked/0c4d277e-352a-4783-aec1-ceece27a5910,iPhone 6S 16 GB - Rose Gold - Unlocked,iPhone 6S,Wizard Europe Ltd,4.2,78
31_Oct_22,866.04,786.08,864.00,https://www.backmarket.co.uk/en-gb/p/iphone-13-pro-512-gb-graphite-unlocked/8c24e75f-8ee4-4c25-8e36-bb1a666747b8,iPhone 13 Pro 512 GB - Graphite - Unlocked,iPhone 13 Pro,Phones Direct UK,4.5,136
31_Oct_22,851.20,826.50,837.17,https://www.backmarket.co.uk/en-gb/p/iphone-13-pro-512-gb-sierra-blue-unlocked/c29f3de9-6589-4df7-9d12-fe7bf6746759,iPhone 13 Pro 512 GB - Sierra Blue - Unlocked,iPhone 13 Pro,musicMagpie,4.5,136
31_Oct_22,Sold out,730.00,679.99,https://www.backmarket.co.uk/en-gb/p/iphone-13-256-gb-unlocked/c38d3dfb-6962-4d55-858b-7e1f15a0e665,iPhone 13 256 GB - Midnight - Unlocked,iPhone 13,Mazuma,4.6,122
31_Oct_22,859.00,794.09,799.99,https://www.backmarket.co.uk/en-gb/p/iphone-13-256-gb-productred-unlocked/5532ef43-c5f1-41bf-8b9e-d3e659ab1424,iPhone 13 256 GB - Red - Unlocked,iPhone 13,Getmobiles.co.uk,4.6,122
31_Oct_22,719.99,685.00,824.50,https://www.backmarket.co.uk/en-gb/p/iphone-13-256-gb-blue-unlocked/f72a3516-f868-4dda-bab3-0a44284ba101,iPhone 13 256 GB - Blue - Unlocked,iPhone 13,Uber Link Ltd,4.6,122
31_Oct_22,815.00,710.00,Sold out,https://www.backmarket.co.uk/en-gb/p/iphone-13-256-gb-pink-unlocked/47564ee1-e2df-45fe-aa2e-2ce197775187,iPhone 13 256 GB - Pink - Unlocked,iPhone 13,(NI) Britain Tech Ltd,4.6,122
31_Oct_22,807.10,694.99,798.40,https://www.backmarket.co.uk/en-gb/p/iphone-13-256-gb-unlocked/58c0e06e-f4b5-4553-a0a2-1f2a5d1da186,iPhone 13 256 GB - Starlight - Unlocked,iPhone 13,Mazuma,4.6,121
31_Oct_22,579.40,423.56,501.53,https://www.backmarket.co.uk/en-gb/p/iphone-11-pro-max-512-gb-space-gray-unlocked/d669d61e-c332-4538-a53d-33b5d7584c9b,iPhone 11 Pro Max 512 GB - Space Gray - Unlocked,iPhone 11 Pro Max,Uber Link Ltd,4.2,320
31_Oct_22,577.42,439.99,527.01,https://www.backmarket.co.uk/en-gb/p/iphone-11-pro-max-512-gb-midnight-green-unlocked/de23fce1-f9b7-4963-a047-91c829019ee8,iPhone 11 Pro Max 512 GB - Midnight Green - Unlocked,iPhone 11 Pro Max,Phones Direct UK,4.2,320
31_Oct_22,629.00,546.65,534.00,https://www.backmarket.co.uk/en-gb/p/iphone-11-pro-max-512-gb-gold-unlocked/a477d6ac-8ad0-4b52-aa28-3dc058ddb51b,iPhone 11 Pro Max 512 GB - Gold - Unlocked,iPhone 11 Pro Max,Mobile Crazy Limited,4.2,320
31_Oct_22,730.00,580.00,519.99,https://www.backmarket.co.uk/en-gb/p/iphone-11-pro-max-512-gb-silver-unlocked/68bcf7c1-6582-41ac-81e8-4fecc98bd6ba,iPhone 11 Pro Max 512 GB - Silver - Unlocked,iPhone 11 Pro Max,Mazuma,4.2,320
31_Oct_22,459.00,399.30,624.40,https://www.backmarket.co.uk/en-gb/p/iphone-11-pro-512-gb-midnight-green-unlocked/1819db12-cfca-4ec6-bc62-b8abd1c1dcef,iPhone 11 Pro 512 GB - Midnight Green - Unlocked,iPhone 11 Pro,Stock Must Go Ltd,4.1,408
31_Oct_22,459.00,409.00,429.00,https://www.backmarket.co.uk/en-gb/p/iphone-11-pro-512-gb-space-gray-unlocked/5d1d323c-8fff-41c6-af82-50c23ab0e22e,iPhone 11 Pro 512 GB - Space Gray - Unlocked,iPhone 11 Pro,Stock Must Go Ltd,4.1,408
31_Oct_22,472.12,423.17,710.53,https://www.backmarket.co.uk/en-gb/p/iphone-11-pro-512-gb-silver-unlocked/88499b97-60bc-49c7-8bf1-b51462b17070,iPhone 11 Pro 512 GB - Silver - Unlocked,iPhone 11 Pro,musicMagpie,4.1,408
31_Oct_22,109.04,83.98,94.76,https://www.backmarket.co.uk/en-gb/p/iphone-7-32-gb-black-unlocked/c4743a09-625c-4304-9ef1-9a51aa59b634,iPhone 7 32 GB - Black - Unlocked,iPhone 7,Stock Must Go Ltd,4.2,290
31_Oct_22,178.00,Sold out,Sold out,https://www.backmarket.co.uk/en-gb/p/iphone-7-32-gb-red-unlocked/33939708-a0f4-4efe-aa7a-95f1eaeeffc8,iPhone 7 32 GB - (Product)Red - Unlocked,iPhone 7,Regents Impex Ltd,4.2,290
31_Oct_22,884.00,826.35,864.00,https://www.backmarket.co.uk/en-gb/p/iphone-13-pro-512-gb-gold-unlocked/c8e053a6-8fc3-4daa-b208-362e838b74a7,iPhone 13 Pro 512 GB - Gold - Unlocked,iPhone 13 Pro,Stock Must Go Ltd,4.5,136
31_Oct_22,110.19,96.00,113.00,https://www.backmarket.co.uk/en-gb/p/iphone-7-32-gb-jet-black-unlocked/ebd1cb3a-a6b9-4d97-88de-ea457aab0a70,iPhone 7 32 GB - Jet Black - Unlocked,iPhone 7,GoodBuyTech,4.2,290
31_Oct_22,96.45,83.00,90.80,https://www.backmarket.co.uk/en-gb/p/iphone-7-32-gb-rose-gold-unlocked/34a86639-944c-4a33-9b45-c985017c7508,iPhone 7 32 GB - Rose Gold - Unlocked,iPhone 7,GoodBuyTech,4.2,290
31_Oct_22,119.00,84.00,91.66,https://www.backmarket.co.uk/en-gb/p/iphone-7-32-gb-gold-unlocked/3a555d3b-a7ec-49f2-a3f4-a0627fcbdd4a,iPhone 7 32 GB - Gold - Unlocked,iPhone 7,Stock Must Go Ltd,4.2,290
31_Oct_22,106.26,83.00,94.76,https://www.backmarket.co.uk/en-gb/p/iphone-7-32-gb-silver-unlocked/3d20d778-53d0-4c6d-aea0-41ff3d347ee5,iPhone 7 32 GB - Silver - Unlocked,iPhone 7,GoodBuyTech,4.2,290
31_Oct_22,177.00,Sold out,Sold out,https://www.backmarket.co.uk/en-gb/p/iphone-6s-64-gb-silver-foreign-operator/c198c015-cdc6-4556-8ed9-6cf1f36afb80,iPhone 6S 64 GB - Silver - Foreign Operator,iPhone 6S Foreign operator,XTEC LTD,4.2,78
31_Oct_22,236.00,Sold out,Sold out,https://www.backmarket.co.uk/en-gb/p/iphone-8-256-gb-productred-unlocked/3d389f72-3acb-4f8c-b24c-4d99077772c9,iPhone 8 256 GB - (Product)Red - Unlocked,iPhone 8,musicMagpie,4.4,486
31_Oct_22,299.00,169.00,Sold out,https://www.backmarket.co.uk/en-gb/p/iphone-8-128-gb-space-gray-unlocked/32e68609-2d7d-4581-a2fa-62918ee1ef45,iPhone 8 128 GB - Space Gray - Unlocked,iPhone 8,BEST4TECH,4.4,486
31_Oct_22,299.00,169.00,Sold out,https://www.backmarket.co.uk/en-gb/p/iphone-8-128-gb-gold-unlocked/d828a2aa-5eed-4c44-96eb-47b939b7891a,iPhone 8 128 GB - Gold - Unlocked,iPhone 8,BEST4TECH,4.4,486
31_Oct_22,Sold out,139.00,Sold out,https://www.backmarket.co.uk/en-gb/p/iphone-6s-plus-128-gb-space-gray-unlocked/7fb8c7de-1a98-4a0e-b5de-6abf61c66904,iPhone 6S Plus 128 GB - Space Gray - Unlocked,iPhone 6S Plus,SmartFoneStoreUK,3.9,22
31_Oct_22,459.00,399.99,429.00,https://www.backmarket.co.uk/en-gb/p/iphone-11-pro-512-gb-gold-unlocked/89274113-77c6-4edf-ac0f-85b448657099,iPhone 11 Pro 512 GB - Gold - Unlocked,iPhone 11 Pro,Phones Direct UK,4.1,408
31_Oct_22,299.00,169.00,Sold out,https://www.backmarket.co.uk/en-gb/p/iphone-8-128-gb-silver-unlocked/129106f7-e7db-4fbf-b7dd-bc32d9b03816,iPhone 8 128 GB - Silver - Unlocked,iPhone 8,Rndtech ltd,4.4,486
31_Oct_22,Sold out,Sold out,189.00,https://www.backmarket.co.uk/en-gb/p/iphone-6s-plus-128-gb-silver-unlocked/0c37d53b-4966-4b8a-a1ee-b11fcbe1bf27,iPhone 6S Plus 128 GB - Silver - Unlocked,iPhone 6S Plus,SmartFoneStoreUK,3.9,22
31_Oct_22,179.00,Sold out,Sold out,https://www.backmarket.co.uk/en-gb/p/iphone-6s-plus-64-gb-gold-unlocked/e0a370ea-9e5b-457a-a27c-af181b1be5b5,iPhone 6S Plus 64 GB - Gold - Unlocked,iPhone 6S Plus,Pod-G-Penguin,3.9,22
31_Oct_22,743.13,623.35,690.00,https://www.backmarket.co.uk/en-gb/p/iphone-12-pro-max-512-gb-pacific-blue-unlocked/926ba1db-b513-44b5-bf6a-61c3206f3ad9,iPhone 12 Pro Max 512 GB - Pacific Blue - Unlocked,iPhone 12 Pro Max,Uber Link Ltd,4.2,182
31_Oct_22,692.44,630.90,667.84,https://www.backmarket.co.uk/en-gb/p/iphone-12-pro-max-512-gb-graphite-unlocked/1787a25d-e729-4025-b051-2003950a01f7,iPhone 12 Pro Max 512 GB - Graphite - Unlocked,iPhone 12 Pro Max,Phones Direct UK,4.2,182
31_Oct_22,149.00,84.00,95.00,https://www.backmarket.co.uk/en-gb/p/iphone-6s-16-gb-gold-unlocked/bb49fecc-745a-4f4a-8999-d026a9c085c7,iPhone 6S 16 GB - Gold - Unlocked,iPhone 6S,GoodBuyTech,4.2,78
31_Oct_22,849.99,677.84,867.13,https://www.backmarket.co.uk/en-gb/p/iphone-12-pro-max-512-gb-gold-unlocked/591820e4-914f-4b4a-811e-a0a6f79c2329,iPhone 12 Pro Max 512 GB - Gold - Unlocked,iPhone 12 Pro Max,Stock Must Go Ltd,4.2,184
31_Oct_22,599.64,525.97,564.92,https://www.backmarket.co.uk/en-gb/p/iphone-12-pro-max-128-gb-pacific-blue-unlocked/e95411ed-760a-48eb-a0ae-24351aec14ea,iPhone 12 Pro Max 128 GB - Pacific Blue - Unlocked,iPhone 12 Pro Max,Phones Direct UK,4.2,184
31_Oct_22,799.99,625.00,698.00,https://www.backmarket.co.uk/en-gb/p/iphone-12-pro-max-512-gb-silver-unlocked/6a35927c-b9db-4492-bd38-1ceb19c3e9cc,iPhone 12 Pro Max 512 GB - Silver - Unlocked,iPhone 12 Pro Max,Technology Recycle Group Ltd,4.2,184
31_Oct_22,599.15,540.87,601.13,https://www.backmarket.co.uk/en-gb/p/iphone-12-pro-max-128-gb-graphite-unlocked/4541b851-9c93-4347-993a-51c17a53c02f,iPhone 12 Pro Max 128 GB - Graphite - Unlocked,iPhone 12 Pro Max,Stock Must Go Ltd,4.2,184
31_Oct_22,690.00,556.31,600.00,https://www.backmarket.co.uk/en-gb/p/iphone-12-pro-max-128-gb-silver-unlocked/9b830725-94d9-41b6-938d-f144ffb96729,iPhone 12 Pro Max 128 GB - Silver - Unlocked,iPhone 12 Pro Max,Phones Direct UK,4.2,184
31_Oct_22,865.58,824.34,842.70,https://www.backmarket.co.uk/en-gb/p/iphone-13-pro-512-gb-gold-unlocked/e04b1489-f2ad-4eb9-816c-dd76bc24f6a8,iPhone 13 Pro 512 GB - Silver - Unlocked,iPhone 13 Pro,Stock Must Go Ltd,4.5,136
31_Oct_22,289.00,210.79,252.48,https://www.backmarket.co.uk/en-gb/p/iphone-xs-256-gb-space-gray-unlocked/41d1466b-2e2e-4283-b1af-07421639deff,iPhone XS 256 GB - Space Gray - Unlocked,iPhone XS,Phones Direct UK,4.1,391
31_Oct_22,616.68,542.42,574.99,https://www.backmarket.co.uk/en-gb/p/iphone-12-pro-max-128-gb-gold-unlocked/bcab50ce-1f30-4e13-a0eb-6dd7d98fefc5,iPhone 12 Pro Max 128 GB - Gold - Unlocked,iPhone 12 Pro Max,Uber Link Ltd,4.2,184
31_Oct_22,290.00,215.76,255.49,https://www.backmarket.co.uk/en-gb/p/iphone-xs-256-gb-gold-unlocked/eddc6437-fa57-4331-8ceb-8661cf52ccbb,iPhone XS 256 GB - Gold - Unlocked,iPhone XS,musicMagpie,4.1,391
31_Oct_22,102.00,78.46,90.00,https://www.backmarket.co.uk/en-gb/p/iphone-6s-16-gb-space-gray-unlocked/7c13a280-6e76-4521-a501-b593987052b7,iPhone 6S 16 GB - Space Gray - Unlocked,iPhone 6S,BEST4TECH,4.2,78
31_Oct_22,309.99,213.00,274.00,https://www.backmarket.co.uk/en-gb/p/iphone-xs-256-gb-silver-unlocked/900e1597-7f05-4384-b550-c6e1331e0a09,iPhone XS 256 GB - Silver - Unlocked,iPhone XS,Stock Must Go Ltd,4.1,391
31_Oct_22,389.99,285.37,339.56,https://www.backmarket.co.uk/en-gb/p/iphone-11-128-gb-yellow-unlocked/4b705367-37ed-42e7-b642-ff30c2a1cb71,iPhone 11 128 GB - Yellow - Unlocked,iPhone 11,Stock Must Go Ltd,4.3,"1,621"
31_Oct_22,361.85,291.49,324.75,https://www.backmarket.co.uk/en-gb/p/iphone-11-128-gb-purple-unlocked/b44e8378-424f-44a5-9e99-cb5b897895cd,iPhone 11 128 GB - Purple - Unlocked,iPhone 11,WJD Repairs,4.3,"1,621"
31_Oct_22,362.17,279.02,337.21,https://www.backmarket.co.uk/en-gb/p/iphone-11-128-gb-black-unlocked/dfab99ae-8ec6-443e-bc25-34c882d1e0cd,iPhone 11 128 GB - Black - Unlocked,iPhone 11,BEST4TECH,4.3,"1,621"
31_Oct_22,375.97,299.11,340.10,https://www.backmarket.co.uk/en-gb/p/iphone-11-128-gb-white-unlocked/41e0c250-a4ef-4e06-bd42-f8b7f9701c20,iPhone 11 128 GB - White - Unlocked,iPhone 11,WJD Repairs,4.3,"1,621"
31_Oct_22,Sold out,714.99,Sold out,https://www.backmarket.co.uk/en-gb/p/iphone-13-pro-128-gb-alpine-green-unlocked/35d85a1e-6fa2-4331-ad51-a6e4c2a61a9e,iPhone 13 Pro 128 GB - Alpine Green - Unlocked,iPhone 13 Pro,Mazuma,4.5,136
31_Oct_22,807.99,637.41,684.00,https://www.backmarket.co.uk/en-gb/p/iphone-13-pro-128-gb-gold-unlocked/66b5fd89-47d1-40e9-b219-16e464d8c6e1,iPhone 13 Pro 128 GB - Gold - Unlocked,iPhone 13 Pro,Phones Direct UK,4.5,136
31_Oct_22,710.21,620.93,674.44,https://www.backmarket.co.uk/en-gb/p/iphone-13-pro-128-gb-sierra-blue-unlocked/f597a490-5e4c-450c-88a8-14be4d46f9c1,iPhone 13 Pro 128 GB - Sierra Blue - Unlocked,iPhone 13 Pro,Stock Must Go Ltd,4.5,136
31_Oct_22,714.00,635.97,684.00,https://www.backmarket.co.uk/en-gb/p/iphone-13-pro-128-gb-gold-unlocked/9d30a67d-26d0-4324-833e-60e73682f4cd,iPhone 13 Pro 128 GB - Silver - Unlocked,iPhone 13 Pro,musicMagpie,4.5,136
31_Oct_22,388.30,300.78,340.27,https://www.backmarket.co.uk/en-gb/p/iphone-11-128-gb-green-unlocked/aeab67aa-5c4e-4025-8fef-3c34dc2ff2de,iPhone 11 128 GB - Green - Unlocked,iPhone 11,WJD Repairs,4.3,"1,621"
31_Oct_22,337.82,294.08,325.14,https://www.backmarket.co.uk/en-gb/p/iphone-11-128-gb-red-unlocked/fbf55c31-0707-495d-82f6-3f77c40b9eec,iPhone 11 128 GB - Red - Unlocked,iPhone 11,Mazuma,4.3,"1,621"
31_Oct_22,228.20,182.93,216.82,https://www.backmarket.co.uk/en-gb/p/iphone-xs-64-gb-space-gray-unlocked/4052792b-2bc8-45eb-b3e8-7d57141702f9,iPhone XS 64 GB - Space Gray - Unlocked,iPhone XS,Stock Must Go Ltd,4.1,391
31_Oct_22,714.00,635.61,676.22,https://www.backmarket.co.uk/en-gb/p/iphone-13-pro-128-gb-graphite-unlocked/943afa80-1922-43de-a7d9-8c1b4294a727,iPhone 13 Pro 128 GB - Graphite - Unlocked,iPhone 13 Pro,Stock Must Go Ltd,4.5,136
31_Oct_22,467.16,375.09,437.33,https://www.backmarket.co.uk/en-gb/p/iphone-12-128-gb-black-unlocked/f494a8a4-ef58-4a1c-9495-a64d21fed02f,iPhone 12 128 GB - Black - Unlocked,iPhone 12,Getmobiles.co.uk,4.3,425
31_Oct_22,485.44,375.30,437.33,https://www.backmarket.co.uk/en-gb/p/iphone-12-128-gb-blue-unlocked/f67c8c8c-8065-47cf-bf8c-d29994cd9869,iPhone 12 128 GB - Blue - Unlocked,iPhone 12,Stock Must Go Ltd,4.3,425
31_Oct_22,223.11,182.96,211.00,https://www.backmarket.co.uk/en-gb/p/iphone-xs-64-gb-gold-unlocked/7737c5d7-56dc-4a95-a53a-b97467045c96,iPhone XS 64 GB - Gold - Unlocked,iPhone XS,Stock Must Go Ltd,4.1,391
31_Oct_22,567.00,499.00,631.00,https://www.backmarket.co.uk/en-gb/p/iphone-12-128-gb-purple-unlocked/83c3488e-d01c-4329-9f2e-949f7560631f,iPhone 12 128 GB - Purple - Unlocked,iPhone 12,SmartFoneStoreUK,4.3,425
31_Oct_22,189.36,174.60,204.00,https://www.backmarket.co.uk/en-gb/p/iphone-se-2020-128-gb-black-unlocked/aa2db197-2380-4cbc-a55c-8c7df1df656c,iPhone SE (2020) 128 GB - Black - Unlocked,iPhone SE (2020),Buyur,4.4,930
31_Oct_22,188.90,160.12,197.32,https://www.backmarket.co.uk/en-gb/p/iphone-se-2020-128-gb-productred-unlocked/00649b5d-1b02-4259-b280-52bea1cc8c4e,iPhone SE (2020) 128 GB - Red - Unlocked,iPhone SE (2020),MMAPHONESLTD,4.4,925
31_Oct_22,226.91,183.00,223.74,https://www.backmarket.co.uk/en-gb/p/iphone-xs-64-gb-silver-unlocked/ca10cd3e-2fcf-4263-8a07-852f6357972e,iPhone XS 64 GB - Silver - Unlocked,iPhone XS,Stock Must Go Ltd,4.1,391
31_Oct_22,473.42,379.30,419.00,https://www.backmarket.co.uk/en-gb/p/iphone-12-128-gb-green-unlocked/8e6e5d35-299d-4a09-82e3-6251e6ec4322,iPhone 12 128 GB - Green - Unlocked,iPhone 12,Stock Must Go Ltd,4.3,425
31_Oct_22,520.00,379.43,418.20,https://www.backmarket.co.uk/en-gb/p/iphone-12-128-gb-productred-unlocked/d82a1609-1cb8-4620-a9eb-d7564fb665b2,iPhone 12 128 GB - (Product)Red - Unlocked,iPhone 12,Sala Phones,4.3,425
31_Oct_22,189.34,168.97,180.01,https://www.backmarket.co.uk/en-gb/p/iphone-se-2020-128-gb-white-unlocked/b0ceab1a-ca86-41cf-ad78-e3f7f92c3fa4,iPhone SE (2020) 128 GB - White - Unlocked,iPhone SE (2020),MMAPHONESLTD,4.4,925
31_Oct_22,142.40,129.00,142.92,https://www.backmarket.co.uk/en-gb/p/iphone-8-64-gb-gold-unlocked/245a1bee-5c59-4d02-9d94-533ffb6c4f00,iPhone 8 64 GB - Gold - Unlocked,iPhone 8,Next Day Mobiles LTD,4.4,486
31_Oct_22,142.92,118.72,137.84,https://www.backmarket.co.uk/en-gb/p/iphone-8-64-gb-space-gray-unlocked/3216e0c7-ba9a-43fa-9d42-0912eb92875c,iPhone 8 64 GB - Space Gray - Unlocked,iPhone 8,Rndtech ltd,4.4,486
31_Oct_22,507.21,440.06,500.00,https://www.backmarket.co.uk/en-gb/p/iphone-12-128-gb-white-unlocked/fc516a2d-d3bc-4ed6-99d8-a4f51e550d4d,iPhone 12 128 GB - White - Unlocked,iPhone 12,Getmobiles.co.uk,4.3,425
31_Oct_22,140.99,141.43,131.62,https://www.backmarket.co.uk/en-gb/p/iphone-8-64-gb-silver-unlocked/4775d225-bddf-44a1-8e86-e358e0706502,iPhone 8 64 GB - Silver - Unlocked,iPhone 8,Want a New Gadget,4.4,486
31_Oct_22,202.00,158.49,200.00,https://www.backmarket.co.uk/en-gb/p/iphone-8-64-gb-productred-unlocked/2defb1fb-7c30-435f-a1ff-ab879a6a0ab9,iPhone 8 64 GB - (Product)Red - Unlocked,iPhone 8,Buyur,4.4,486
31_Oct_22,239.00,189.00,222.07,https://www.backmarket.co.uk/en-gb/p/iphone-x-64-gb-space-gray-unlocked/1bf201d4-6b3e-4e26-bdc3-a461268e96c9,iPhone X 64 GB - Space Gray - Unlocked,iPhone X,Stock Must Go Ltd,4.2,365
31_Oct_22,591.66,438.27,480.32,https://www.backmarket.co.uk/en-gb/p/iphone-12-pro-128-gb-silver-unlocked/3cbf20e9-63de-4bc0-80c5-a3b5bcd5794c,iPhone 12 Pro 128 GB - Silver - Unlocked,iPhone 12 Pro,Stock Must Go Ltd,4.3,222
31_Oct_22,221.09,184.47,197.81,https://www.backmarket.co.uk/en-gb/p/iphone-xr-64-gb-black-unlocked/8199595f-76ac-47aa-bea7-1017e1fe0392,iPhone XR 64 GB - Black - Unlocked,iPhone XR,WJD Repairs,4.5,736
31_Oct_22,236.37,188.72,209.99,https://www.backmarket.co.uk/en-gb/p/iphone-xr-64-gb-blue-unlocked/1c738771-4d39-4acf-9b54-52e0a3fad0df,iPhone XR 64 GB - Blue - Unlocked,iPhone XR,WJD Repairs,4.5,736
31_Oct_22,233.83,172.05,198.07,https://www.backmarket.co.uk/en-gb/p/iphone-xr-64-gb-coral-unlocked/2e06a8bc-4b47-4917-bc32-9a29a68101af,iPhone XR 64 GB - Coral - Unlocked,iPhone XR,Stock Must Go Ltd,4.5,736
31_Oct_22,239.00,186.87,210.58,https://www.backmarket.co.uk/en-gb/p/iphone-x-64-gb-silver-unlocked/8822c6ae-4e5d-4b02-a681-4b28843fce2c,iPhone X 64 GB - Silver - Unlocked,iPhone X,Stock Must Go Ltd,4.2,365
31_Oct_22,229.46,196.00,198.07,https://www.backmarket.co.uk/en-gb/p/iphone-xr-64-gb-productred-unlocked/ce6d33be-f0d3-42bc-84f3-c69c416ba32e,iPhone XR 64 GB - (Product)Red - Unlocked,iPhone XR,musicMagpie,4.5,736
31_Oct_22,261.00,186.79,214.99,https://www.backmarket.co.uk/en-gb/p/iphone-xr-64-gb-yellow-unlocked/b75f5a6b-7ec9-4d8f-97ff-578b1e86fa68,iPhone XR 64 GB - Yellow - Unlocked,iPhone XR,Stock Must Go Ltd,4.5,736
31_Oct_22,526.38,449.52,497.35,https://www.backmarket.co.uk/en-gb/p/iphone-12-pro-128-gb-graphite-unlocked/cd7a1df1-fe4a-4a2f-889c-38d05be64126,iPhone 12 Pro 128 GB - Graphite - Unlocked,iPhone 12 Pro,Uber Link Ltd,4.3,222
31_Oct_22,300.47,243.87,280.93,https://www.backmarket.co.uk/en-gb/p/iphone-11-64-gb-red-unlocked/701179ec-a741-4ab7-bdf8-5a08bb59dd90,iPhone 11 64 GB - Red - Unlocked,iPhone 11,WJD Repairs,4.3,"1,621"
31_Oct_22,213.94,172.05,214.99,https://www.backmarket.co.uk/en-gb/p/iphone-xr-64-gb-white-unlocked/a5e0946a-3b23-45ec-8006-818c331a6439,iPhone XR 64 GB - White - Unlocked,iPhone XR,Stock Must Go Ltd,4.5,736
31_Oct_22,526.54,470.80,480.68,https://www.backmarket.co.uk/en-gb/p/iphone-12-pro-128-gb-pacific-blue-unlocked/6cc9b52b-c002-4963-9655-cb567edd13a3,iPhone 12 Pro 128 GB - Pacific Blue - Unlocked,iPhone 12 Pro,Uber Link Ltd,4.3,222
31_Oct_22,324.96,242.70,282.51,https://www.backmarket.co.uk/en-gb/p/iphone-11-64-gb-green-unlocked/bc539c8b-2353-4bb8-af5a-d1cdf70b8c63,iPhone 11 64 GB - Green - Unlocked,iPhone 11,Stock Must Go Ltd,4.3,"1,621"
31_Oct_22,305.55,242.52,300.00,https://www.backmarket.co.uk/en-gb/p/iphone-11-64-gb-purple-unlocked/c6ea3e23-0e46-442e-a391-c08555d28f37,iPhone 11 64 GB - Purple - Unlocked,iPhone 11,BEST4TECH,4.3,"1,621"
31_Oct_22,536.17,445.58,487.87,https://www.backmarket.co.uk/en-gb/p/iphone-12-pro-128-gb-gold-unlocked/6819199d-d531-4fc0-a1ee-6e63d1088b2f,iPhone 12 Pro 128 GB - Gold - Unlocked,iPhone 12 Pro,Uber Link Ltd,4.3,222
31_Oct_22,294.77,242.78,277.72,https://www.backmarket.co.uk/en-gb/p/iphone-11-64-gb-white-unlocked/78c89984-2b2f-4a01-abed-5a9ea8205ea0,iPhone 11 64 GB - White - Unlocked,iPhone 11,WJD Repairs,4.3,"1,621"
31_Oct_22,340.62,289.97,323.74,https://www.backmarket.co.uk/en-gb/p/iphone-11-pro-64-gb-space-gray-unlocked/8a9d4ab9-46f9-406b-8a10-c18a719cda81,iPhone 11 Pro 64 GB - Space Gray - Unlocked,iPhone 11 Pro,Loop Mobile,4.1,408
31_Oct_22,338.38,284.12,315.79,https://www.backmarket.co.uk/en-gb/p/iphone-11-pro-64-gb-midnight-green-unlocked/b35cbbcd-fce1-4dc2-92da-00296472aaf4,iPhone 11 Pro 64 GB - Midnight Green - Unlocked,iPhone 11 Pro,Loop Mobile,4.1,408
31_Oct_22,348.48,282.88,315.67,https://www.backmarket.co.uk/en-gb/p/iphone-11-pro-64-gb-gold-unlocked/4142377d-80f1-4670-8f4e-fab0b6fdffd4,iPhone 11 Pro 64 GB - Gold - Unlocked,iPhone 11 Pro,Stock Must Go Ltd,4.1,408
31_Oct_22,412.77,284.36,306.96,https://www.backmarket.co.uk/en-gb/p/iphone-11-pro-64-gb-silver-unlocked/fd9cd306-42bd-4422-a221-11a5d277c5d7,iPhone 11 Pro 64 GB - Silver - Unlocked,iPhone 11 Pro,Sala Phones,4.1,408
31_Oct_22,181.16,146.46,153.73,https://www.backmarket.co.uk/en-gb/p/iphone-se-2020-64-gb-productred-unlocked/90093873-7536-4915-b819-b561d6efdde6,iPhone SE (2020) 64 GB - Red - Unlocked,iPhone SE (2020),RueZone,4.4,930
31_Oct_22,185.39,146.14,173.31,https://www.backmarket.co.uk/en-gb/p/iphone-se-2020-64-gb-black-unlocked/902fddb5-8531-4632-82c6-e72b3499d7b9,iPhone SE (2020) 64 GB - Black - Unlocked,iPhone SE (2020),Buyur,4.4,930
31_Oct_22,419.44,358.87,398.12,https://www.backmarket.co.uk/en-gb/p/iphone-12-64-gb-black-unlocked/ec0b1d0d-251d-456e-bcd6-978be85e25d6,iPhone 12 64 GB - Black - Unlocked,iPhone 12,Stock Must Go Ltd,4.3,425
31_Oct_22,170.67,150.39,177.88,https://www.backmarket.co.uk/en-gb/p/iphone-se-2020-64-gb-white-unlocked/528e9e51-23c6-4899-95c0-11d6fda4e682,iPhone SE (2020) 64 GB - White - Unlocked,iPhone SE (2020),BEST4TECH,4.4,930
31_Oct_22,411.98,345.65,371.20,https://www.backmarket.co.uk/en-gb/p/iphone-12-64-gb-productred-unlocked/af874b95-0a58-4efa-b0f4-cd020fed146b,iPhone 12 64 GB - (Product)Red - Unlocked,iPhone 12,4Gadgets,4.3,425
31_Oct_22,418.41,347.16,370.58,https://www.backmarket.co.uk/en-gb/p/iphone-12-64-gb-green-unlocked/e86cdb2d-f126-4548-b5c1-967c4a7446a0,iPhone 12 64 GB - Green - Unlocked,iPhone 12,Stock Must Go Ltd,4.3,425
31_Oct_22,433.80,347.45,384.24,https://www.backmarket.co.uk/en-gb/p/iphone-12-64-gb-white-unlocked/5bb9357f-92ed-4b5a-ae83-76a9c983f11a,iPhone 12 64 GB - White - Unlocked,iPhone 12,Stock Must Go Ltd,4.3,425
31_Oct_22,440.15,420.00,449.00,https://www.backmarket.co.uk/en-gb/p/iphone-12-64-gb-purple-unlocked/8a7c1cc3-2288-425b-aca1-ef05100414a0,iPhone 12 64 GB - Purple - Unlocked,iPhone 12,SmartFoneStoreUK,4.3,425
31_Oct_22,305.53,241.59,304.47,https://www.backmarket.co.uk/en-gb/p/iphone-11-64-gb-black-unlocked/0106bb6f-3975-4794-b9a0-7d920669484c,iPhone 11 64 GB - Black - Unlocked,iPhone 11,Stock Must Go Ltd,4.3,"1,621"
31_Oct_22,309.60,269.00,294.84,https://www.backmarket.co.uk/en-gb/p/iphone-11-64-gb-yellow-unlocked/7ef0a33a-f74f-49e9-aa3d-6611d4d43ead,iPhone 11 64 GB - Yellow - Unlocked,iPhone 11,Stock Must Go Ltd,4.3,"1,621"
31_Oct_22,212.55,199.00,199.00,https://www.backmarket.co.uk/en-gb/p/iphone-se-2020-256-gb-productred-unlocked/d998d90c-e3be-4d31-a759-cc39812a240c,iPhone SE (2020) 256 GB - Red - Unlocked,iPhone SE (2020),Jq Solutions Ltd,4.4,930
31_Oct_22,209.22,193.89,199.00,https://www.backmarket.co.uk/en-gb/p/iphone-se-2020-256-gb-white-unlocked/73f72eba-b97b-43fa-8888-d0343674e8ea,iPhone SE (2020) 256 GB - White - Unlocked,iPhone SE (2020),Sala Phones,4.4,930
31_Oct_22,569.30,465.74,524.99,https://www.backmarket.co.uk/en-gb/p/iphone-12-pro-256-gb-pacific-blue-unlocked/65b9f551-e429-483d-89ec-b66a453138be,iPhone 12 Pro 256 GB - Pacific Blue - Unlocked,iPhone 12 Pro,Uber Link Ltd,4.3,222
31_Oct_22,215.33,182.19,199.00,https://www.backmarket.co.uk/en-gb/p/iphone-se-2020-256-gb-black-unlocked/f00b7433-3de7-4f86-a383-883511042a57,iPhone SE (2020) 256 GB - Black - Unlocked,iPhone SE (2020),Jq Solutions Ltd,4.4,930
31_Oct_22,419.33,347.16,369.61,https://www.backmarket.co.uk/en-gb/p/iphone-12-64-gb-blue-unlocked/0d7bc01c-3a57-4f7e-944d-966992390e97,iPhone 12 64 GB - Blue - Unlocked,iPhone 12,Stock Must Go Ltd,4.3,425
31_Oct_22,588.42,490.00,529.40,https://www.backmarket.co.uk/en-gb/p/iphone-12-pro-256-gb-gold-unlocked/98562c21-3477-49b1-aece-b2e81e0dd700,iPhone 12 Pro 256 GB - Gold - Unlocked,iPhone 12 Pro,Uber Link Ltd,4.3,222
31_Oct_22,833.20,455.03,542.46,https://www.backmarket.co.uk/en-gb/p/iphone-12-pro-256-gb-silver-unlocked/fd2b3ffc-196f-48ff-a246-c7c368daf497,iPhone 12 Pro 256 GB - Silver - Unlocked,iPhone 12 Pro,Uber Link Ltd,4.3,222
31_Oct_22,82.09,Sold out,100.00,https://www.backmarket.co.uk/en-gb/p/iphone-6s-32-gb-gold-unlocked/512d21ff-a3e0-4b61-810f-9c5ada85f4bc,iPhone 6S 32 GB - Gold - Unlocked,iPhone 6S,Pod-G-Penguin,4.2,78
31_Oct_22,351.00,208.00,249.91,https://www.backmarket.co.uk/en-gb/p/iphone-xs-max-64-gb-space-gray-unlocked/1053e68e-a03e-44f7-9e37-fc9e28e85f41,iPhone XS Max 64 GB - Space Gray - Unlocked,iPhone XS Max,Stock Must Go Ltd,4.3,140
31_Oct_22,90.06,Sold out,89.00,https://www.backmarket.co.uk/en-gb/p/iphone-6s-32-gb-silver-unlocked/e85309d3-0081-48ba-9259-ad8f367ed4ae,iPhone 6S 32 GB - Silver - Unlocked,iPhone 6S,Pod-G-Penguin,4.2,78
31_Oct_22,290.37,236.57,248.39,https://www.backmarket.co.uk/en-gb/p/iphone-xs-max-64-gb-gold-unlocked/e0c8f23a-e8f6-434b-b661-2aa6cf0c7bf6,iPhone XS Max 64 GB - Gold - Unlocked,iPhone XS Max,Phones Direct UK,4.3,140
31_Oct_22,349.00,228.97,248.23,https://www.backmarket.co.uk/en-gb/p/iphone-xr-128-gb-black-unlocked/2963532c-c4a6-4482-bba5-11594510123d,iPhone XR 128 GB - Black - Unlocked,iPhone XR,WJD Repairs,4.5,736
31_Oct_22,441.00,395.82,379.00,https://www.backmarket.co.uk/en-gb/p/iphone-11-256-gb-yellow-unlocked/574ca178-8518-4d8c-8ba2-c95aac037b6a,iPhone 11 256 GB - Yellow - Unlocked,iPhone 11,Jq Solutions Ltd,4.3,"1,621"
31_Oct_22,437.21,324.63,Sold out,https://www.backmarket.co.uk/en-gb/p/iphone-11-256-gb-white-unlocked/1dbbb866-d798-4cb9-b72e-ac0cee641d0b,iPhone 11 256 GB - White - Unlocked,iPhone 11,Sala Phones,4.3,"1,621"
31_Oct_22,489.00,331.95,391.67,https://www.backmarket.co.uk/en-gb/p/iphone-11-256-gb-purple-unlocked/9b8f4e2c-76b6-4087-80b5-16f698fb491c,iPhone 11 256 GB - Purple - Unlocked,iPhone 11,Uber Link Ltd,4.3,"1,621"
31_Oct_22,333.00,194.54,258.00,https://www.backmarket.co.uk/en-gb/p/iphone-xr-128-gb-blue-unlocked/a95ee4fa-2069-4d39-b537-c1fd085d7bed,iPhone XR 128 GB - Blue - Unlocked,iPhone XR,Stock Must Go Ltd,4.5,736
31_Oct_22,315.00,203.96,258.00,https://www.backmarket.co.uk/en-gb/p/iphone-xr-128-gb-productred-unlocked/a34538f4-69bd-4ed8-9c1c-91c140d14445,iPhone XR 128 GB - (Product)Red - Unlocked,iPhone XR,WJD Repairs,4.5,736
31_Oct_22,299.00,202.97,259.68,https://www.backmarket.co.uk/en-gb/p/iphone-xr-128-gb-white-unlocked/8e8ac04c-275c-4976-9785-f6899a71a31c,iPhone XR 128 GB - White - Unlocked,iPhone XR,WJD Repairs,4.5,736
31_Oct_22,269.74,207.96,249.99,https://www.backmarket.co.uk/en-gb/p/iphone-xr-128-gb-yellow-unlocked/290214d1-607b-4539-a8e4-622a32a304ec,iPhone XR 128 GB - Yellow - Unlocked,iPhone XR,Smartech Service Limited,4.5,736
31_Oct_22,Sold out,88.00,109.00,https://www.backmarket.co.uk/en-gb/p/iphone-6s-64-gb-space-gray-unlocked/d9d706a6-b345-4c7e-a668-eafef6399e0d,iPhone 6S 64 GB - Space Gray - Unlocked,iPhone 6S,BEST4TECH,4.2,78
31_Oct_22,144.00,95.62,120.83,https://www.backmarket.co.uk/en-gb/p/iphone-7-128-gb-jet-black-unlocked/959b3ff0-0290-46a7-aeb3-f4d6458363bd,iPhone 7 128 GB - Jet Black - Unlocked,iPhone 7,Stock Must Go Ltd,4.2,290
31_Oct_22,124.75,100.18,124.00,https://www.backmarket.co.uk/en-gb/p/iphone-7-128-gb-black-unlocked/0db0c960-c786-45e5-b530-2c40be84b0ef,iPhone 7 128 GB - Black - Unlocked,iPhone 7,The iOutlet,4.2,290
31_Oct_22,170.00,85.00,Sold out,https://www.backmarket.co.uk/en-gb/p/iphone-6s-64-gb-rose-gold-unlocked/d45357e3-c33a-4023-b871-af3a84db6ef3,iPhone 6S 64 GB - Rose Gold - Unlocked,iPhone 6S,SmartFoneStoreUK,4.2,78
31_Oct_22,576.84,453.37,529.99,https://www.backmarket.co.uk/en-gb/p/iphone-12-pro-256-gb-graphite-unlocked/4b95c04e-ff61-49ce-8e61-08a3906c33a2,iPhone 12 Pro 256 GB - Graphite - Unlocked,iPhone 12 Pro,Uber Link Ltd,4.3,222
31_Oct_22,159.00,105.62,125.00,https://www.backmarket.co.uk/en-gb/p/iphone-7-128-gb-productred-unlocked/ccc22430-204f-46d5-8712-a810c74d74d3,iPhone 7 128 GB - (Product)Red - Unlocked,iPhone 7,Stock Must Go Ltd,4.2,290
31_Oct_22,116.79,107.28,120.83,https://www.backmarket.co.uk/en-gb/p/iphone-7-128-gb-gold-unlocked/5c41739e-9bc3-4fa3-b345-cca3a76e4b8c,iPhone 7 128 GB - Gold - Unlocked,iPhone 7,MMAPHONESLTD,4.2,290
31_Oct_22,139.00,94.99,129.00,https://www.backmarket.co.uk/en-gb/p/iphone-7-128-gb-rose-gold-unlocked/8a889def-c40e-46f6-bdd9-3007afa16a53,iPhone 7 128 GB - Rose Gold - Unlocked,iPhone 7,GR Phones,4.2,290
31_Oct_22,149.95,102.00,119.71,https://www.backmarket.co.uk/en-gb/p/iphone-7-128-gb-silver-unlocked/926d06ec-42f5-474a-b6ff-2a79118e21c6,iPhone 7 128 GB - Silver - Unlocked,iPhone 7,Gecko Mobile Shop,4.2,290
31_Oct_22,821.40,719.76,774.99,https://www.backmarket.co.uk/en-gb/p/iphone-13-pro-max-128-gb-sierra-blue-unlocked/5becd0a2-df06-4ca8-8d3b-b0bb11697fbf,iPhone 13 Pro Max 128 GB - Sierra Blue - Unlocked,iPhone 13 Pro Max,Stock Must Go Ltd,4.6,121
31_Oct_22,907.13,965.00,974.23,https://www.backmarket.co.uk/en-gb/p/iphone-13-pro-max-128-gb-gold-unlocked/6283d6f1-7102-43f0-a884-c2615b13d96d,iPhone 13 Pro Max 128 GB - Gold - Unlocked,iPhone 13 Pro Max,musicMagpie,4.6,121
31_Oct_22,442.14,314.54,405.43,https://www.backmarket.co.uk/en-gb/p/iphone-11-256-gb-black-unlocked/e04ea1fb-2779-4ac8-bed5-571eb9c13102,iPhone 11 256 GB - Black - Unlocked,iPhone 11,Stock Must Go Ltd,4.3,"1,621"
31_Oct_22,830.00,737.68,910.00,https://www.backmarket.co.uk/en-gb/p/iphone-13-pro-max-128-gb-graphite-unlocked/fa941fc6-8030-4771-aa55-6669d698d7a4,iPhone 13 Pro Max 128 GB - Graphite - Unlocked,iPhone 13 Pro Max,Phones Direct UK,4.6,121
31_Oct_22,419.00,369.99,385.00,https://www.backmarket.co.uk/en-gb/p/iphone-11-256-gb-green-unlocked/616da0c1-7404-43a9-a8af-7ea24366fd29,iPhone 11 256 GB - Green - Unlocked,iPhone 11,Phones Direct UK,4.3,"1,621"
31_Oct_22,373.48,296.00,349.00,https://www.backmarket.co.uk/en-gb/p/iphone-11-256-gb-red-unlocked/71b7d300-1094-492d-8895-ffd09d0d8126,iPhone 11 256 GB - Red - Unlocked,iPhone 11,Stock Must Go Ltd,4.3,"1,621"
31_Oct_22,Sold out,Sold out,950.00,https://www.backmarket.co.uk/en-gb/p/iphone-13-pro-256-gb-alpine-green-unlocked/e40851bd-09c3-44b9-9dde-b25df88d91fc,iPhone 13 Pro 256 GB - Alpine Green - Unlocked,iPhone 13 Pro,(NI) Britain Tech Ltd,4.5,136
31_Oct_22,750.22,683.46,729.00,https://www.backmarket.co.uk/en-gb/p/iphone-13-pro-256-gb-graphite-unlocked/23011c7e-5396-4453-a726-d689e095aa5c,iPhone 13 Pro 256 GB - Graphite - Unlocked,iPhone 13 Pro,Stock Must Go Ltd,4.5,136
31_Oct_22,838.43,769.99,900.00,https://www.backmarket.co.uk/en-gb/p/iphone-13-pro-max-128-gb-silver-unlocked/d1dc3338-2bb0-40ab-b74f-e76788ea02d4,iPhone 13 Pro Max 128 GB - Silver - Unlocked,iPhone 13 Pro Max,Phones Direct UK,4.6,121
31_Oct_22,746.66,690.70,717.50,https://www.backmarket.co.uk/en-gb/p/iphone-13-pro-256-gb-sierra-blue-unlocked/6741de0a-127a-4f21-8103-0cd77abb8574,iPhone 13 Pro 256 GB - Sierra Blue - Unlocked,iPhone 13 Pro,Stock Must Go Ltd,4.5,136
31_Oct_22,930.00,859.00,860.00,https://www.backmarket.co.uk/en-gb/p/iphone-13-pro-max-128-gb-alpine-green-unlocked/5fc4224f-0179-4e41-b0e3-d88a9ce09611,iPhone 13 Pro Max 128 GB - Alpine Green - Unlocked,iPhone 13 Pro Max,Getmobiles.co.uk,4.6,121
31_Oct_22,759.00,693.73,726.46,https://www.backmarket.co.uk/en-gb/p/iphone-13-pro-256-gb-gold-unlocked/9a6ca30b-05f7-4a92-8165-c701c6913f5d,iPhone 13 Pro 256 GB - Silver - Unlocked,iPhone 13 Pro,Uber Link Ltd,4.5,136
31_Oct_22,859.84,709.00,717.51,https://www.backmarket.co.uk/en-gb/p/iphone-13-pro-256-gb-gold-unlocked/62ba5390-d2aa-4a8e-ae9c-23e0443fe229,iPhone 13 Pro 256 GB - Gold - Unlocked,iPhone 13 Pro,Loop Mobile,4.5,136
31_Oct_22,609.55,526.43,629.99,https://www.backmarket.co.uk/en-gb/p/iphone-13-128-gb-unlocked/ef5660d2-6883-4b81-b47d-86e5720687ef,iPhone 13 128 GB - Midnight - Unlocked,iPhone 13,SmartFoneStoreUK,4.6,122
31_Oct_22,601.27,530.46,578.64,https://www.backmarket.co.uk/en-gb/p/iphone-13-128-gb-productred-unlocked/e621dc7f-2574-42f4-8e7d-220dcc6cc851,iPhone 13 128 GB - Red - Unlocked,iPhone 13,Stock Must Go Ltd,4.6,122
31_Oct_22,679.69,526.38,600.00,https://www.backmarket.co.uk/en-gb/p/iphone-13-128-gb-unlocked/ec975bb8-df95-43a5-b04d-de63378f4a12,iPhone 13 128 GB - Starlight - Unlocked,iPhone 13,Stock Must Go Ltd,4.6,122
31_Oct_22,680.00,521.39,Sold out,https://www.backmarket.co.uk/en-gb/p/iphone-13-128-gb-pink-unlocked/d1989098-648d-490e-a719-7c4b6ab8b1ae,iPhone 13 128 GB - Pink - Unlocked,iPhone 13,Stock Must Go Ltd,4.6,122
31_Oct_22,622.66,520.36,618.58,https://www.backmarket.co.uk/en-gb/p/iphone-13-128-gb-blue-unlocked/e4d4b68e-9dec-438d-be52-d348924bfe62,iPhone 13 128 GB - Blue - Unlocked,iPhone 13,musicMagpie,4.6,122
31_Oct_22,625.84,601.58,612.17,https://www.backmarket.co.uk/en-gb/p/iphone-12-pro-max-256-gb-pacific-blue-unlocked/3c52ddef-7498-4cc2-9abe-0a7bf225a58b,iPhone 12 Pro Max 256 GB - Pacific Blue - Unlocked,iPhone 12 Pro Max,Stock Must Go Ltd,4.2,184
31_Oct_22,Sold out,Sold out,604.63,https://www.backmarket.co.uk/en-gb/p/iphone-13-128-gb-green-unlocked/0d36dce6-d7ce-4356-9763-c4677879cb02,iPhone 13 128 GB - Green - Unlocked,iPhone 13,Phones Direct UK,4.6,122
31_Oct_22,750.00,621.61,632.24,https://www.backmarket.co.uk/en-gb/p/iphone-12-pro-max-256-gb-silver-unlocked/2fe78a92-80e2-4beb-a110-6bed225cbf6f,iPhone 12 Pro Max 256 GB - Silver - Unlocked,iPhone 12 Pro Max,Stock Must Go Ltd,4.2,184
31_Oct_22,670.00,605.00,651.00,https://www.backmarket.co.uk/en-gb/p/iphone-12-pro-max-256-gb-gold-unlocked/a5655b78-216a-499b-b9aa-fbcb4dbde194,iPhone 12 Pro Max 256 GB - Gold - Unlocked,iPhone 12 Pro Max,musicMagpie,4.2,184
31_Oct_22,347.99,263.50,294.82,https://www.backmarket.co.uk/en-gb/p/iphone-xs-max-256-gb-silver-unlocked/6e0d5271-8341-43c9-8a9b-42fa388a2c10,iPhone XS Max 256 GB - Silver - Unlocked,iPhone XS Max,Uber Link Ltd,4.3,140
31_Oct_22,740.00,593.21,610.11,https://www.backmarket.co.uk/en-gb/p/iphone-12-pro-max-256-gb-graphite-unlocked/a05c14b7-f865-42a4-ac25-72060adae132,iPhone 12 Pro Max 256 GB - Graphite - Unlocked,iPhone 12 Pro Max,Stock Must Go Ltd,4.2,184
31_Oct_22,347.99,280.07,293.00,https://www.backmarket.co.uk/en-gb/p/iphone-xs-max-256-gb-gold-unlocked/49cee1e1-222d-4b48-853a-cfdc351a716e,iPhone XS Max 256 GB - Gold - Unlocked,iPhone XS Max,WJD Repairs,4.3,140
31_Oct_22,343.86,264.63,294.98,https://www.backmarket.co.uk/en-gb/p/iphone-xs-max-256-gb-space-gray-unlocked/1b9e0b33-0869-4ad2-af31-30435d4acb76,iPhone XS Max 256 GB - Space Gray - Unlocked,iPhone XS Max,Want a New Gadget,4.3,140
31_Oct_22,494.00,423.88,450.11,https://www.backmarket.co.uk/en-gb/p/iphone-12-256-gb-productred-unlocked/0a21cffb-8ef6-4a40-b65f-d067ae29c988,iPhone 12 256 GB - (Product)Red - Unlocked,iPhone 12,Stock Must Go Ltd,4.3,425
31_Oct_22,630.00,424.62,439.51,https://www.backmarket.co.uk/en-gb/p/iphone-12-256-gb-black-unlocked/86ce7095-db99-4d6f-a800-a48a7fa5db2f,iPhone 12 256 GB - Black - Unlocked,iPhone 12,Phones Direct UK,4.3,425
31_Oct_22,553.17,444.00,457.79,https://www.backmarket.co.uk/en-gb/p/iphone-12-256-gb-green-unlocked/25319e69-c676-4564-b97b-ad565f68d64e,iPhone 12 256 GB - Green - Unlocked,iPhone 12,Loop Mobile,4.3,425
31_Oct_22,550.00,418.88,464.00,https://www.backmarket.co.uk/en-gb/p/iphone-12-256-gb-white-unlocked/f01d43e2-4f17-4fde-8415-96884e206679,iPhone 12 256 GB - White - Unlocked,iPhone 12,Mobile Crazy Limited,4.3,425
31_Oct_22,392.68,324.96,352.51,https://www.backmarket.co.uk/en-gb/p/iphone-12-mini-64-gb-black-unlocked/e3464129-30d2-4eeb-b094-7de36afd0f64,iPhone 12 mini 64 GB - Black - Unlocked,iPhone 12 mini,Stock Must Go Ltd,4.3,184
31_Oct_22,565.00,500.00,763.60,https://www.backmarket.co.uk/en-gb/p/iphone-12-256-gb-purple-unlocked/bdef7717-ff58-431a-a8e2-3afcc93409e6,iPhone 12 256 GB - Purple - Unlocked,iPhone 12,Mobile Crazy Limited,4.3,425
31_Oct_22,518.00,344.99,393.85,https://www.backmarket.co.uk/en-gb/p/iphone-12-mini-64-gb-green-unlocked/b3550265-7806-4645-b789-906e5b8bf6fc,iPhone 12 mini 64 GB - Green - Unlocked,iPhone 12 mini,Mazuma,4.3,184
31_Oct_22,400.87,336.00,367.00,https://www.backmarket.co.uk/en-gb/p/iphone-12-mini-64-gb-purple-unlocked/26dada34-e6a8-41c6-8d78-459ba127f466,iPhone 12 mini 64 GB - Purple - Unlocked,iPhone 12 mini,Stock Must Go Ltd,4.3,184
31_Oct_22,873.62,880.00,899.00,https://www.backmarket.co.uk/en-gb/p/iphone-13-pro-max-256-gb-graphite-unlocked/1367d382-6e73-44f0-907a-18cc8d448a36,iPhone 13 Pro Max 256 GB - Graphite - Unlocked,iPhone 13 Pro Max,BEST4TECH,4.6,121
31_Oct_22,403.16,311.00,363.96,https://www.backmarket.co.uk/en-gb/p/iphone-12-mini-64-gb-blue-unlocked/463cf129-36b9-4abf-971b-c23391ca5800,iPhone 12 mini 64 GB - Blue - Unlocked,iPhone 12 mini,Stock Must Go Ltd,4.3,184
31_Oct_22,350.13,355.63,359.39,https://www.backmarket.co.uk/en-gb/p/iphone-12-mini-64-gb-productred-unlocked/d9eb0d56-3928-41b4-94ea-0d3f4d0a0744,iPhone 12 mini 64 GB - Red - Unlocked,iPhone 12 mini,Want a New Gadget,4.3,184
31_Oct_22,391.00,359.00,354.67,https://www.backmarket.co.uk/en-gb/p/iphone-12-mini-64-gb-white-unlocked/45ee82f0-6e1c-42e7-90fc-69337d58b712,iPhone 12 mini 64 GB - White - Unlocked,iPhone 12 mini,musicMagpie,4.3,184
31_Oct_22,960.00,Sold out,919.99,https://www.backmarket.co.uk/en-gb/p/iphone-13-pro-max-256-gb-alpine-green-unlocked/526009f8-468a-4d78-a465-d381fb01f6b5,iPhone 13 Pro Max 256 GB - Alpine Green - Unlocked,iPhone 13 Pro Max,Mazuma,4.6,121
31_Oct_22,901.31,"1,050.00",Sold out,https://www.backmarket.co.uk/en-gb/p/iphone-13-pro-max-256-gb-gold-unlocked/c1068b63-7489-4b70-af99-c36aec5badae,iPhone 13 Pro Max 256 GB - Gold - Unlocked,iPhone 13 Pro Max,Click and Get,4.6,121
31_Oct_22,893.77,809.82,824.85,https://www.backmarket.co.uk/en-gb/p/iphone-13-pro-max-256-gb-sierra-blue-unlocked/75fda94e-249d-4177-919d-2b521c3f71c5,iPhone 13 Pro Max 256 GB - Sierra Blue - Unlocked,iPhone 13 Pro Max,musicMagpie,4.6,121
31_Oct_22,480.42,421.28,429.99,https://www.backmarket.co.uk/en-gb/p/iphone-11-pro-max-256-gb-space-gray-unlocked/5fea5fbe-bee0-4f98-8d71-72e1facd43a3,iPhone 11 Pro Max 256 GB - Space Gray - Unlocked,iPhone 11 Pro Max,Stock Must Go Ltd,4.2,320
31_Oct_22,930.40,985.00,847.64,https://www.backmarket.co.uk/en-gb/p/iphone-13-pro-max-256-gb-silver-unlocked/9fc0c813-9ef3-4a52-918b-e719c733bd69,iPhone 13 Pro Max 256 GB - Silver - Unlocked,iPhone 13 Pro Max,Phones Direct UK,4.6,121
31_Oct_22,539.99,385.18,439.99,https://www.backmarket.co.uk/en-gb/p/iphone-11-pro-max-256-gb-silver-unlocked/740b5b2e-9f88-44b7-93b7-8261916be166,iPhone 11 Pro Max 256 GB - Silver - Unlocked,iPhone 11 Pro Max,Phones Direct UK,4.2,320
31_Oct_22,81.17,68.14,75.25,https://www.backmarket.co.uk/en-gb/p/iphone-se-32-gb-space-gray-unlocked/2c8f7d05-9084-4d6b-a6d9-d0ff6f7bddb9,iPhone SE 32 GB - Space Gray - Unlocked,iPhone SE,MMAPHONESLTD,3.9,162
31_Oct_22,89.00,62.19,91.11,https://www.backmarket.co.uk/en-gb/p/iphone-se-32-gb-silver-unlocked/4b5770e0-25f0-4648-8f46-c33b9b56b81f,iPhone SE 32 GB - Silver - Unlocked,iPhone SE,MMAPHONESLTD,3.9,162
31_Oct_22,517.00,419.90,446.00,https://www.backmarket.co.uk/en-gb/p/iphone-11-pro-max-256-gb-midnight-green-unlocked/79c35cbd-7839-4842-a647-2fc75213434e,iPhone 11 Pro Max 256 GB - Midnight Green - Unlocked,iPhone 11 Pro Max,Phones Direct UK,4.2,320
31_Oct_22,130.00,75.00,100.00,https://www.backmarket.co.uk/en-gb/p/iphone-se-32-gb-rose-gold-unlocked/d6d19a58-38b6-48f3-b0cb-693e97a9a966,iPhone SE 32 GB - Rose Gold - Unlocked,iPhone SE,BEST4TECH,3.9,162
31_Oct_22,494.00,423.88,464.00,https://www.backmarket.co.uk/en-gb/p/iphone-12-256-gb-blue-unlocked/3610d940-bd34-4092-b219-232aeaea6a67,iPhone 12 256 GB - Blue - Unlocked,iPhone 12,Stock Must Go Ltd,4.3,425
31_Oct_22,587.97,540.00,Sold out,https://www.backmarket.co.uk/en-gb/p/iphone-13-mini-128-gb-unlocked/cba4e2f6-9b0d-4fb0-af0d-3e8d9e7ad6ac,iPhone 13 mini 128 GB - Midnight - Unlocked,iPhone 13 mini,musicMagpie,4.7,47
31_Oct_22,530.00,402.00,450.17,https://www.backmarket.co.uk/en-gb/p/iphone-11-pro-max-256-gb-gold-unlocked/829cf227-3cb0-41ba-8ff3-e08dba8a0e98,iPhone 11 Pro Max 256 GB - Gold - Unlocked,iPhone 11 Pro Max,Stock Must Go Ltd,4.2,320
31_Oct_22,Sold out,Sold out,620.05,https://www.backmarket.co.uk/en-gb/p/iphone-13-mini-128-gb-green-unlocked/d7b8b208-3e4b-409f-b93e-5603b8e6face,iPhone 13 mini 128 GB - Green - Unlocked,iPhone 13 mini,(NI) Britain Tech Ltd,4.7,47
31_Oct_22,599.00,534.99,609.00,https://www.backmarket.co.uk/en-gb/p/iphone-13-mini-128-gb-blue-unlocked/89e87dd7-d5b3-44dc-8972-c370c31bd6e6,iPhone 13 mini 128 GB - Blue - Unlocked,iPhone 13 mini,Mazuma,4.7,47
31_Oct_22,197.00,166.90,177.32,https://www.backmarket.co.uk/en-gb/p/iphone-8-plus-64-gb-space-gray-unlocked/4f28f0c9-3f45-4541-bb3c-a3c4f6054ccb,iPhone 8 Plus 64 GB - Space Gray - Unlocked,iPhone 8 Plus,SmartFoneStoreUK,4.4,181
31_Oct_22,579.66,Sold out,615.70,https://www.backmarket.co.uk/en-gb/p/iphone-13-mini-128-gb-productred-unlocked/0378bae9-ff66-40d0-8f70-34a686b44523,iPhone 13 mini 128 GB - Red - Unlocked,iPhone 13 mini,MMAPHONESLTD,4.7,47
31_Oct_22,197.92,158.41,190.00,https://www.backmarket.co.uk/en-gb/p/iphone-8-plus-64-gb-gold-unlocked/c1604b3a-f63e-46ca-974d-2eb9ea085b78,iPhone 8 Plus 64 GB - Gold - Unlocked,iPhone 8 Plus,Buyur,4.4,181
31_Oct_22,236.00,153.52,255.00,https://www.backmarket.co.uk/en-gb/p/iphone-8-256-gb-space-gray-unlocked/8fb257cd-491d-458f-95ea-c02eba4126d0,iPhone 8 256 GB - Space Gray - Unlocked,iPhone 8,WJD Repairs,4.4,486
31_Oct_22,186.00,220.85,194.00,https://www.backmarket.co.uk/en-gb/p/iphone-8-256-gb-gold-unlocked/e95f1314-66c4-4caf-b41b-f47b25a2b259,iPhone 8 256 GB - Gold - Unlocked,iPhone 8,GoodBuyTech,4.4,486
31_Oct_22,193.41,186.25,188.00,https://www.backmarket.co.uk/en-gb/p/iphone-8-256-gb-silver-unlocked/71192399-bfe2-428b-ad1e-8255e5025141,iPhone 8 256 GB - Silver - Unlocked,iPhone 8,musicMagpie,4.4,486
31_Oct_22,399.37,356.23,375.64,https://www.backmarket.co.uk/en-gb/p/iphone-11-pro-max-64-gb-space-gray-unlocked/57a443a0-5117-4d98-9147-19161f6e99c3,iPhone 11 Pro Max 64 GB - Space Gray - Unlocked,iPhone 11 Pro Max,musicMagpie,4.2,320
31_Oct_22,201.35,159.92,201.32,https://www.backmarket.co.uk/en-gb/p/iphone-8-plus-64-gb-productred-unlocked/c528f48f-b88c-41e4-9d41-085c47aeb04e,iPhone 8 Plus 64 GB - (Product)Red - Unlocked,iPhone 8 Plus,Stock Must Go Ltd,4.4,180
31_Oct_22,360.00,Sold out,400.00,https://www.backmarket.co.uk/en-gb/p/iphone-se-2022-64-gb-productred-unlocked/8f18cc1f-25de-41ca-a9ad-181eb590b818,iPhone SE (2022) 64 GB - Red - Unlocked,iPhone SE (2022),JFX GLOBAL LTD,4.4,35
31_Oct_22,459.10,Sold out,Sold out,https://www.backmarket.co.uk/en-gb/p/iphone-se-2022-256-gb-productred-unlocked/dd075485-46e6-4c27-b7b7-400ab2ef7172,iPhone SE (2022) 256 GB - (Product)Red - Unlocked,iPhone SE (2022),(NI) Britain Tech Ltd,4.4,35
31_Oct_22,441.00,328.43,394.81,https://www.backmarket.co.uk/en-gb/p/iphone-11-pro-max-64-gb-silver-unlocked/b4be0170-a82a-484f-ac40-bd0567d2926f,iPhone 11 Pro Max 64 GB - Silver - Unlocked,iPhone 11 Pro Max,Stock Must Go Ltd,4.2,320
31_Oct_22,Sold out,Sold out,380.00,https://www.backmarket.co.uk/en-gb/p/iphone-se-2022-128-gb-starlight-unlocked/6bfebcd6-5bf0-4f2f-aaf9-5425b79aad2c,iPhone SE (2022) 128 GB - Starlight - Unlocked,iPhone SE (2022),(NI) Britain Tech Ltd,4.4,35
31_Oct_22,394.88,336.92,377.05,https://www.backmarket.co.uk/en-gb/p/iphone-11-pro-max-64-gb-midnight-green-unlocked/b62ace87-ab2c-4421-9403-84771de245a5,iPhone 11 Pro Max 64 GB - Midnight Green - Unlocked,iPhone 11 Pro Max,Stock Must Go Ltd,4.2,320
31_Oct_22,419.63,336.92,380.09,https://www.backmarket.co.uk/en-gb/p/iphone-11-pro-max-64-gb-gold-unlocked/e950ab8a-c1b4-4174-807d-98a9db6e2a6c,iPhone 11 Pro Max 64 GB - Gold - Unlocked,iPhone 11 Pro Max,Stock Must Go Ltd,4.2,320
31_Oct_22,213.62,171.00,192.00,https://www.backmarket.co.uk/en-gb/p/iphone-8-plus-64-gb-silver-unlocked/0fdd2e59-8366-44b8-aa48-02738933b397,iPhone 8 Plus 64 GB - Silver - Unlocked,iPhone 8 Plus,GoodBuyTech,4.4,181
31_Oct_22,419.00,369.00,389.00,https://www.backmarket.co.uk/en-gb/p/iphone-12-mini-128-gb-black-unlocked/76cef1d9-d967-4ecd-807f-f1675e2cf26c,iPhone 12 mini 128 GB - Black - Unlocked,iPhone 12 mini,Loop Mobile,4.3,184
31_Oct_22,419.00,346.90,389.00,https://www.backmarket.co.uk/en-gb/p/iphone-12-mini-128-gb-blue-unlocked/5f5e9d5b-aff6-4a52-86ac-1aef2e4a9117,iPhone 12 mini 128 GB - Blue - Unlocked,iPhone 12 mini,Phones Direct UK,4.3,184
31_Oct_22,419.00,369.00,382.96,https://www.backmarket.co.uk/en-gb/p/iphone-12-mini-128-gb-productred-unlocked/e604e279-afa7-472e-a42f-ff3dd159ccd4,iPhone 12 mini 128 GB - Red - Unlocked,iPhone 12 mini,Loop Mobile,4.3,184
31_Oct_22,419.00,362.10,389.00,https://www.backmarket.co.uk/en-gb/p/iphone-12-mini-128-gb-white-unlocked/630c0451-cfb9-42f3-b296-f2837e01daeb,iPhone 12 mini 128 GB - White - Unlocked,iPhone 12 mini,Uber Link Ltd,4.3,184
31_Oct_22,479.99,369.00,389.00,https://www.backmarket.co.uk/en-gb/p/iphone-12-mini-128-gb-purple-unlocked/cb7525ec-509f-42e3-a71a-40c1d35cf0eb,iPhone 12 mini 128 GB - Purple - Unlocked,iPhone 12 mini,Loop Mobile,4.3,184
31_Oct_22,267.20,212.94,264.00,https://www.backmarket.co.uk/en-gb/p/iphone-x-256-gb-space-gray-unlocked/b0f759b9-dd02-4763-8c49-b035bb194e04,iPhone X 256 GB - Space Gray - Unlocked,iPhone X,Phones Direct UK,4.2,365
31_Oct_22,250.00,251.00,258.61,https://www.backmarket.co.uk/en-gb/p/iphone-8-plus-256-gb-space-gray-unlocked/8acbc29d-48db-4b09-ad4b-23fbf7dbc9b6,iPhone 8 Plus 256 GB - Space Gray - Unlocked,iPhone 8 Plus,Mobile Crazy Limited,4.4,181
31_Oct_22,255.00,251.00,289.00,https://www.backmarket.co.uk/en-gb/p/iphone-8-plus-256-gb-gold-unlocked/0511de96-360f-423f-850a-24c9f98b895d,iPhone 8 Plus 256 GB - Gold - Unlocked,iPhone 8 Plus,Gecko Mobile Shop,4.4,181
31_Oct_22,251.37,199.00,283.00,https://www.backmarket.co.uk/en-gb/p/iphone-8-plus-256-gb-silver-unlocked/022fac51-1801-421f-955e-fb472eebc157,iPhone 8 Plus 256 GB - Silver - Unlocked,iPhone 8 Plus,Rndtech ltd,4.4,180
31_Oct_22,419.00,369.00,389.00,https://www.backmarket.co.uk/en-gb/p/iphone-12-mini-128-gb-green-unlocked/3633babc-f8b0-4f1e-89e3-edd649f279d1,iPhone 12 mini 128 GB - Green - Unlocked,iPhone 12 mini,Loop Mobile,4.3,184
31_Oct_22,Sold out,100.00,Sold out,https://www.backmarket.co.uk/en-gb/p/iphone-se-64-gb-rose-gold-unlocked/31ef4eb5-ab2e-464d-8c59-31cefec1329d,iPhone SE 64 GB - Rose Gold - Unlocked,iPhone SE,SmartFoneStoreUK,3.9,162
31_Oct_22,Sold out,129.00,Sold out,https://www.backmarket.co.uk/en-gb/p/iphone-se-64-gb-space-gray-unlocked/39f6f9b5-4ce8-4e94-8a2b-b0b7d6781956,iPhone SE 64 GB - Space Gray - Unlocked,iPhone SE,Allied Global Traders,3.9,162
31_Oct_22,298.98,243.00,249.00,https://www.backmarket.co.uk/en-gb/p/iphone-x-256-gb-silver-unlocked/b8743e87-5b9b-4bb4-969a-f7f792b04618,iPhone X 256 GB - Silver - Unlocked,iPhone X,musicMagpie,4.2,365
