date,excellent,fair,good,link,product_id,product_name,rating,reviews
28_Oct_22,189.34,163.26,183.01,https://www.backmarket.co.uk/en-gb/p/iphone-se-2020-128-gb-white-unlocked/b0ceab1a-ca86-41cf-ad78-e3f7f92c3fa4,iPhone SE (2020) 128 GB - White - Unlocked,iPhone SE (2020),4.4,925 reviews
28_Oct_22,299.00,234.00,249.00,https://www.backmarket.co.uk/en-gb/p/iphone-8-plus-128-gb-gold-unlocked/a39d1f5d-3224-45de-bea5-5892ad777e29,iPhone 8 Plus 128 GB - Gold - Unlocked,iPhone 8 Plus,4.4,181 reviews
28_Oct_22,269.00,239.99,,https://www.backmarket.co.uk/en-gb/p/iphone-8-plus-256-gb-productred-unlocked/3eef769a-9c92-4a18-8115-013a13c5f270,iPhone 8 Plus 256 GB - (Product)Red - Unlocked,iPhone 8 Plus,4.4,181 reviews
28_Oct_22,169.00,119.00,129.00,https://www.backmarket.co.uk/en-gb/p/iphone-7-256-gb-black-unlocked/a3b552e4-0a06-4ce4-b058-65c34948b982,iPhone 7 256 GB - Black - Unlocked,iPhone 7,4.2,286 reviews
28_Oct_22,249.00,139.00,169.95,https://www.backmarket.co.uk/en-gb/p/iphone-7-256-gb-jet-black-unlocked/758a78d2-71bc-4faa-a663-b2a65b625e82,iPhone 7 256 GB - Jet Black - Unlocked,iPhone 7,4.2,286 reviews
28_Oct_22,"1,389.13",960.00,,https://www.backmarket.co.uk/en-gb/p/iphone-13-pro-max-1000-gb-sierra-blue-unlocked/372ef883-4c52-4a89-98ce-0ae3d216cad5,iPhone 13 Pro Max 1000 GB - Sierra Blue - Unlocked,iPhone 13 Pro Max,4.5,115 reviews
28_Oct_22,"1,230.84",,"1,259.00",https://www.backmarket.co.uk/en-gb/p/iphone-13-pro-max-512-gb-graphite-unlocked/4e29c42d-727c-4beb-a425-be0187a211e9,iPhone 13 Pro Max 512 GB - Alpine Green - Unlocked,iPhone 13 Pro Max,4.5,115 reviews
28_Oct_22,494.00,385.32,421.47,https://www.backmarket.co.uk/en-gb/p/iphone-12-mini-256-gb-blue-unlocked/526f50df-4933-4fd4-9789-213063e3b3db,iPhone 12 mini 256 GB - Blue - Unlocked,iPhone 12 mini,4.3,178 reviews
28_Oct_22,464.00,405.00,431.00,https://www.backmarket.co.uk/en-gb/p/iphone-12-mini-256-gb-black-unlocked/dfb6daed-e9a5-4f63-80e3-9fc39a94a931,iPhone 12 mini 256 GB - Black - Unlocked,iPhone 12 mini,4.3,179 reviews
28_Oct_22,139.00,,,https://www.backmarket.co.uk/en-gb/p/iphone-6s-plus-32-gb-silver-unlocked/4e4604bc-2c47-4959-bcdb-5a888390cf0a,iPhone 6S Plus 32 GB - Silver - Unlocked,iPhone 6S Plus,3.9,22 reviews
28_Oct_22,299.00,197.77,259.68,https://www.backmarket.co.uk/en-gb/p/iphone-xr-128-gb-white-unlocked/8e8ac04c-275c-4976-9785-f6899a71a31c,iPhone XR 128 GB - White - Unlocked,iPhone XR,4.5,730 reviews
28_Oct_22,139.00,,,https://www.backmarket.co.uk/en-gb/p/iphone-6s-plus-32-gb-rose-gold-unlocked/bb578a46-40d3-4328-9fa8-53ab6210bd0b,iPhone 6S Plus 32 GB - Rose Gold - Unlocked,iPhone 6S Plus,3.9,22 reviews
28_Oct_22,299.95,209.99,245.75,https://www.backmarket.co.uk/en-gb/p/iphone-xr-128-gb-coral-unlocked/d1f26a30-114e-4172-ac64-060eb5ec9869,iPhone XR 128 GB - Coral - Unlocked,iPhone XR,4.5,729 reviews
28_Oct_22,445.00,,,https://www.backmarket.co.uk/en-gb/p/iphone-xr-256-gb-black-unlocked/a215361c-00df-4c78-a497-6072fb5d78f8,iPhone XR 256 GB - Black - Unlocked,iPhone XR,4.5,730 reviews
28_Oct_22,277.00,171.13,180.00,https://www.backmarket.co.uk/en-gb/p/iphone-7-plus-128-gb-rose-gold-unlocked/c2a84153-0225-4dff-b0c3-d6671d8fda29,iPhone 7 Plus 128 GB - Rose Gold - Unlocked,iPhone 7 Plus,4.2,97 reviews
28_Oct_22,665.85,549.00,604.99,https://www.backmarket.co.uk/en-gb/p/iphone-12-pro-512-gb-graphite-unlocked/145124cf-d3c1-4f37-884f-38b322ff8abd,iPhone 12 Pro 512 GB - Graphite - Unlocked,iPhone 12 Pro,4.3,216 reviews
28_Oct_22,400.00,314.95,299.00,https://www.backmarket.co.uk/en-gb/p/iphone-xs-512-gb-silver-unlocked/624796e3-a2d3-42cb-9c22-910c5e4a38ea,iPhone XS 512 GB - Silver - Unlocked,iPhone XS,4.1,383 reviews
28_Oct_22,655.52,557.70,586.77,https://www.backmarket.co.uk/en-gb/p/iphone-12-pro-512-gb-pacific-blue-unlocked/7692f1a2-fd7d-4710-aec8-f07154d94eb9,iPhone 12 Pro 512 GB - Pacific Blue - Unlocked,iPhone 12 Pro,4.3,216 reviews
28_Oct_22,155.21,139.95,169.95,https://www.backmarket.co.uk/en-gb/p/iphone-7-plus-128-gb-black-unlocked/2169b39e-4bdd-419e-8226-77e6dd07eee3,iPhone 7 Plus 128 GB - Black - Unlocked,iPhone 7 Plus,4.2,96 reviews
28_Oct_22,214.96,161.00,165.52,https://www.backmarket.co.uk/en-gb/p/iphone-7-plus-128-gb-productred-unlocked/e009a3f2-ace0-43bf-b74c-75e21fc1eec3,iPhone 7 Plus 128 GB - Red - Unlocked,iPhone 7 Plus,4.2,96 reviews
28_Oct_22,,118.61,131.89,https://www.backmarket.co.uk/en-gb/p/iphone-7-plus-32-gb-gold-unlocked/7151fccf-5c5b-49b3-ab74-a55260fd19ee,iPhone 7 Plus 32 GB - Gold - Unlocked,iPhone 7 Plus,4.2,97 reviews
28_Oct_22,104.99,95.00,,https://www.backmarket.co.uk/en-gb/p/iphone-6s-16-gb-silver-unlocked/6d373102-6314-4c7f-95c3-5f5d9bd161d7,iPhone 6S 16 GB - Silver - Unlocked,iPhone 6S,4.2,78 reviews
28_Oct_22,846.49,826.50,837.17,https://www.backmarket.co.uk/en-gb/p/iphone-13-pro-512-gb-sierra-blue-unlocked/c29f3de9-6589-4df7-9d12-fe7bf6746759,iPhone 13 Pro 512 GB - Sierra Blue - Unlocked,iPhone 13 Pro,4.5,131 reviews
28_Oct_22,102.23,90.00,79.00,https://www.backmarket.co.uk/en-gb/p/iphone-6s-32-gb-rose-gold-unlocked/c921afde-91f5-48e8-8e48-b44b3d29db57,iPhone 6S 32 GB - Rose Gold - Unlocked,iPhone 6S,4.2,78 reviews
28_Oct_22,96.00,82.92,77.42,https://www.backmarket.co.uk/en-gb/p/iphone-6s-32-gb-space-gray-unlocked/c0b51739-72ea-4a79-91b3-72e1b52d0c08,iPhone 6S 32 GB - Space Gray - Unlocked,iPhone 6S,4.2,78 reviews
28_Oct_22,858.91,786.08,836.91,https://www.backmarket.co.uk/en-gb/p/iphone-13-pro-512-gb-graphite-unlocked/8c24e75f-8ee4-4c25-8e36-bb1a666747b8,iPhone 13 Pro 512 GB - Graphite - Unlocked,iPhone 13 Pro,4.5,131 reviews
28_Oct_22,95.00,95.00,,https://www.backmarket.co.uk/en-gb/p/iphone-6s-16-gb-rose-gold-unlocked/0c4d277e-352a-4783-aec1-ceece27a5910,iPhone 6S 16 GB - Rose Gold - Unlocked,iPhone 6S,4.2,78 reviews
28_Oct_22,102.00,78.46,90.00,https://www.backmarket.co.uk/en-gb/p/iphone-6s-16-gb-space-gray-unlocked/7c13a280-6e76-4521-a501-b593987052b7,iPhone 6S 16 GB - Space Gray - Unlocked,iPhone 6S,4.2,78 reviews
28_Oct_22,,117.91,128.51,https://www.backmarket.co.uk/en-gb/p/iphone-7-plus-32-gb-rose-gold-unlocked/7399e6ff-6f1b-4af3-8c17-01b5bfe7436d,iPhone 7 Plus 32 GB - Rose Gold - Unlocked,iPhone 7 Plus,4.2,96 reviews
28_Oct_22,126.18,114.79,110.26,https://www.backmarket.co.uk/en-gb/p/iphone-7-plus-32-gb-black-unlocked/84d1b8f7-2efa-4ff5-810b-e75032ed8bad,iPhone 7 Plus 32 GB - Black - Unlocked,iPhone 7 Plus,4.2,96 reviews
28_Oct_22,576.00,439.99,526.45,https://www.backmarket.co.uk/en-gb/p/iphone-11-pro-max-512-gb-midnight-green-unlocked/de23fce1-f9b7-4963-a047-91c829019ee8,iPhone 11 Pro Max 512 GB - Midnight Green - Unlocked,iPhone 11 Pro Max,4.2,322 reviews
28_Oct_22,579.40,459.99,501.53,https://www.backmarket.co.uk/en-gb/p/iphone-11-pro-max-512-gb-space-gray-unlocked/d669d61e-c332-4538-a53d-33b5d7584c9b,iPhone 11 Pro Max 512 GB - Space Gray - Unlocked,iPhone 11 Pro Max,4.2,322 reviews
28_Oct_22,90.06,,79.99,https://www.backmarket.co.uk/en-gb/p/iphone-6s-32-gb-silver-unlocked/e85309d3-0081-48ba-9259-ad8f367ed4ae,iPhone 6S 32 GB - Silver - Unlocked,iPhone 6S,4.2,78 reviews
28_Oct_22,680.13,630.90,710.00,https://www.backmarket.co.uk/en-gb/p/iphone-12-pro-max-512-gb-graphite-unlocked/1787a25d-e729-4025-b051-2003950a01f7,iPhone 12 Pro Max 512 GB - Graphite - Unlocked,iPhone 12 Pro Max,4.2,180 reviews
28_Oct_22,310.00,265.00,269.99,https://www.backmarket.co.uk/en-gb/p/iphone-xs-max-64-gb-silver-unlocked/c947c66c-faf1-466b-946a-9d897e26e339,iPhone XS Max 64 GB - Silver - Unlocked,iPhone XS Max,4.3,138 reviews
28_Oct_22,,361.00,520.00,https://www.backmarket.co.uk/en-gb/p/iphone-xs-max-512-gb-space-gray-unlocked/c7bfaa97-3c78-4842-95c9-228c6d29201e,iPhone XS Max 512 GB - Space Gray - Unlocked,iPhone XS Max,4.3,138 reviews
28_Oct_22,740.00,628.62,693.06,https://www.backmarket.co.uk/en-gb/p/iphone-12-pro-max-512-gb-pacific-blue-unlocked/926ba1db-b513-44b5-bf6a-61c3206f3ad9,iPhone 12 Pro Max 512 GB - Pacific Blue - Unlocked,iPhone 12 Pro Max,4.2,180 reviews
28_Oct_22,"1,200.00",,,https://www.backmarket.co.uk/en-gb/p/iphone-13-pro-max-1000-gb-graphite-unlocked/bbafec5a-2bb4-4d1a-94da-7889b0295c67,iPhone 13 Pro Max 1000 GB - Graphite - Unlocked,iPhone 13 Pro Max,4.5,115 reviews
28_Oct_22,82.09,,100.00,https://www.backmarket.co.uk/en-gb/p/iphone-6s-32-gb-gold-unlocked/512d21ff-a3e0-4b61-810f-9c5ada85f4bc,iPhone 6S 32 GB - Gold - Unlocked,iPhone 6S,4.2,78 reviews
28_Oct_22,106.26,79.71,94.76,https://www.backmarket.co.uk/en-gb/p/iphone-7-32-gb-silver-unlocked/3d20d778-53d0-4c6d-aea0-41ff3d347ee5,iPhone 7 32 GB - Silver - Unlocked,iPhone 7,4.2,286 reviews
28_Oct_22,109.95,86.27,91.66,https://www.backmarket.co.uk/en-gb/p/iphone-7-32-gb-gold-unlocked/3a555d3b-a7ec-49f2-a3f4-a0627fcbdd4a,iPhone 7 32 GB - Gold - Unlocked,iPhone 7,4.2,286 reviews
28_Oct_22,104.82,82.00,90.25,https://www.backmarket.co.uk/en-gb/p/iphone-7-32-gb-rose-gold-unlocked/34a86639-944c-4a33-9b45-c985017c7508,iPhone 7 32 GB - Rose Gold - Unlocked,iPhone 7,4.2,286 reviews
28_Oct_22,110.19,97.00,113.00,https://www.backmarket.co.uk/en-gb/p/iphone-7-32-gb-jet-black-unlocked/ebd1cb3a-a6b9-4d97-88de-ea457aab0a70,iPhone 7 32 GB - Jet Black - Unlocked,iPhone 7,4.2,286 reviews
28_Oct_22,,,380.00,https://www.backmarket.co.uk/en-gb/p/iphone-se-2022-128-gb-starlight-unlocked/6bfebcd6-5bf0-4f2f-aaf9-5425b79aad2c,iPhone SE (2022) 128 GB - Starlight - Unlocked,iPhone SE (2022),4.4,35 reviews
28_Oct_22,328.94,,329.00,https://www.backmarket.co.uk/en-gb/p/iphone-se-2022-64-gb-productred-unlocked/8f18cc1f-25de-41ca-a9ad-181eb590b818,iPhone SE (2022) 64 GB - Red - Unlocked,iPhone SE (2022),4.4,35 reviews
28_Oct_22,299.00,151.00,189.99,https://www.backmarket.co.uk/en-gb/p/iphone-8-128-gb-gold-unlocked/d828a2aa-5eed-4c44-96eb-47b939b7891a,iPhone 8 128 GB - Gold - Unlocked,iPhone 8,4.4,491 reviews
28_Oct_22,192.52,213.99,,https://www.backmarket.co.uk/en-gb/p/iphone-8-256-gb-productred-unlocked/3d389f72-3acb-4f8c-b24c-4d99077772c9,iPhone 8 256 GB - (Product)Red - Unlocked,iPhone 8,4.4,491 reviews
28_Oct_22,299.00,169.00,169.12,https://www.backmarket.co.uk/en-gb/p/iphone-8-128-gb-space-gray-unlocked/32e68609-2d7d-4581-a2fa-62918ee1ef45,iPhone 8 128 GB - Space Gray - Unlocked,iPhone 8,4.4,491 reviews
28_Oct_22,"1,004.36",929.99,"1,140.00",https://www.backmarket.co.uk/en-gb/p/iphone-13-pro-max-512-gb-graphite-unlocked/5f34ddae-a1a4-4daa-8eca-4dfe5d596b68,iPhone 13 Pro Max 512 GB - Graphite - Unlocked,iPhone 13 Pro Max,4.5,115 reviews
28_Oct_22,970.00,884.99,920.00,https://www.backmarket.co.uk/en-gb/p/iphone-13-pro-max-512-gb-sierra-blue-unlocked/fe1ab4be-2963-48b3-84bd-658c516261d0,iPhone 13 Pro Max 512 GB - Sierra Blue - Unlocked,iPhone 13 Pro Max,4.5,115 reviews
28_Oct_22,815.00,710.00,824.50,https://www.backmarket.co.uk/en-gb/p/iphone-13-256-gb-pink-unlocked/47564ee1-e2df-45fe-aa2e-2ce197775187,iPhone 13 256 GB - Pink - Unlocked,iPhone 13,4.6,116 reviews
28_Oct_22,719.99,684.99,824.50,https://www.backmarket.co.uk/en-gb/p/iphone-13-256-gb-blue-unlocked/f72a3516-f868-4dda-bab3-0a44284ba101,iPhone 13 256 GB - Blue - Unlocked,iPhone 13,4.6,116 reviews
28_Oct_22,954.00,871.36,924.00,https://www.backmarket.co.uk/en-gb/p/iphone-13-pro-1000-gb-graphite-unlocked/cfd58ffc-b2b6-4079-a216-f075cd26918f,iPhone 13 Pro 1000 GB - Graphite - Unlocked,iPhone 13 Pro,4.5,131 reviews
28_Oct_22,954.00,914.00,924.00,https://www.backmarket.co.uk/en-gb/p/iphone-13-pro-1000-gb-sierra-blue-unlocked/1080f60b-6d16-4280-83a1-2f920327043f,iPhone 13 Pro 1000 GB - Sierra Blue - Unlocked,iPhone 13 Pro,4.5,131 reviews
28_Oct_22,859.00,795.10,799.99,https://www.backmarket.co.uk/en-gb/p/iphone-13-256-gb-productred-unlocked/5532ef43-c5f1-41bf-8b9e-d3e659ab1424,iPhone 13 256 GB - Red - Unlocked,iPhone 13,4.6,116 reviews
28_Oct_22,,730.00,679.99,https://www.backmarket.co.uk/en-gb/p/iphone-13-256-gb-unlocked/c38d3dfb-6962-4d55-858b-7e1f15a0e665,iPhone 13 256 GB - Midnight - Unlocked,iPhone 13,4.6,116 reviews
28_Oct_22,709.99,694.99,709.99,https://www.backmarket.co.uk/en-gb/p/iphone-13-256-gb-unlocked/58c0e06e-f4b5-4553-a0a2-1f2a5d1da186,iPhone 13 256 GB - Starlight - Unlocked,iPhone 13,4.6,116 reviews
28_Oct_22,309.99,215.00,256.00,https://www.backmarket.co.uk/en-gb/p/iphone-xs-256-gb-silver-unlocked/900e1597-7f05-4384-b550-c6e1331e0a09,iPhone XS 256 GB - Silver - Unlocked,iPhone XS,4.1,383 reviews
28_Oct_22,607.57,541.94,574.99,https://www.backmarket.co.uk/en-gb/p/iphone-12-pro-max-128-gb-gold-unlocked/bcab50ce-1f30-4e13-a0eb-6dd7d98fefc5,iPhone 12 Pro Max 128 GB - Gold - Unlocked,iPhone 12 Pro Max,4.2,180 reviews
28_Oct_22,690.00,559.35,559.13,https://www.backmarket.co.uk/en-gb/p/iphone-12-pro-max-128-gb-silver-unlocked/9b830725-94d9-41b6-938d-f144ffb96729,iPhone 12 Pro Max 128 GB - Silver - Unlocked,iPhone 12 Pro Max,4.2,180 reviews
28_Oct_22,225.78,185.37,195.93,https://www.backmarket.co.uk/en-gb/p/iphone-xs-64-gb-silver-unlocked/ca10cd3e-2fcf-4263-8a07-852f6357972e,iPhone XS 64 GB - Silver - Unlocked,iPhone XS,4.1,384 reviews
28_Oct_22,249.00,191.21,193.78,https://www.backmarket.co.uk/en-gb/p/iphone-xs-64-gb-gold-unlocked/7737c5d7-56dc-4a95-a53a-b97467045c96,iPhone XS 64 GB - Gold - Unlocked,iPhone XS,4.1,383 reviews
28_Oct_22,355.09,289.18,318.93,https://www.backmarket.co.uk/en-gb/p/iphone-11-128-gb-white-unlocked/41e0c250-a4ef-4e06-bd42-f8b7f9701c20,iPhone 11 128 GB - White - Unlocked,iPhone 11,4.3,"1,599 reviews"
28_Oct_22,349.00,290.66,312.23,https://www.backmarket.co.uk/en-gb/p/iphone-11-128-gb-yellow-unlocked/4b705367-37ed-42e7-b642-ff30c2a1cb71,iPhone 11 128 GB - Yellow - Unlocked,iPhone 11,4.3,"1,597 reviews"
28_Oct_22,363.15,300.78,340.25,https://www.backmarket.co.uk/en-gb/p/iphone-11-128-gb-green-unlocked/aeab67aa-5c4e-4025-8fef-3c34dc2ff2de,iPhone 11 128 GB - Green - Unlocked,iPhone 11,4.3,"1,597 reviews"
28_Oct_22,598.78,539.52,579.99,https://www.backmarket.co.uk/en-gb/p/iphone-12-pro-max-128-gb-graphite-unlocked/4541b851-9c93-4347-993a-51c17a53c02f,iPhone 12 Pro Max 128 GB - Graphite - Unlocked,iPhone 12 Pro Max,4.2,180 reviews
28_Oct_22,333.99,274.94,323.56,https://www.backmarket.co.uk/en-gb/p/iphone-11-128-gb-red-unlocked/fbf55c31-0707-495d-82f6-3f77c40b9eec,iPhone 11 128 GB - Red - Unlocked,iPhone 11,4.3,"1,597 reviews"
28_Oct_22,290.00,214.22,255.21,https://www.backmarket.co.uk/en-gb/p/iphone-xs-256-gb-gold-unlocked/eddc6437-fa57-4331-8ceb-8661cf52ccbb,iPhone XS 256 GB - Gold - Unlocked,iPhone XS,4.1,383 reviews
28_Oct_22,507.21,419.99,428.83,https://www.backmarket.co.uk/en-gb/p/iphone-12-128-gb-white-unlocked/fc516a2d-d3bc-4ed6-99d8-a4f51e550d4d,iPhone 12 128 GB - White - Unlocked,iPhone 12,4.3,417 reviews
28_Oct_22,202.00,138.00,200.00,https://www.backmarket.co.uk/en-gb/p/iphone-8-64-gb-productred-unlocked/2defb1fb-7c30-435f-a1ff-ab879a6a0ab9,iPhone 8 64 GB - (Product)Red - Unlocked,iPhone 8,4.4,491 reviews
28_Oct_22,137.52,129.56,122.34,https://www.backmarket.co.uk/en-gb/p/iphone-8-64-gb-silver-unlocked/4775d225-bddf-44a1-8e86-e358e0706502,iPhone 8 64 GB - Silver - Unlocked,iPhone 8,4.4,491 reviews
28_Oct_22,684.00,635.97,654.00,https://www.backmarket.co.uk/en-gb/p/iphone-13-pro-128-gb-gold-unlocked/9d30a67d-26d0-4324-833e-60e73682f4cd,iPhone 13 Pro 128 GB - Silver - Unlocked,iPhone 13 Pro,4.5,131 reviews
28_Oct_22,684.00,637.41,654.00,https://www.backmarket.co.uk/en-gb/p/iphone-13-pro-128-gb-gold-unlocked/66b5fd89-47d1-40e9-b219-16e464d8c6e1,iPhone 13 Pro 128 GB - Gold - Unlocked,iPhone 13 Pro,4.5,131 reviews
28_Oct_22,419.00,379.69,399.00,https://www.backmarket.co.uk/en-gb/p/iphone-12-128-gb-green-unlocked/8e6e5d35-299d-4a09-82e3-6251e6ec4322,iPhone 12 128 GB - Green - Unlocked,iPhone 12,4.3,417 reviews
28_Oct_22,,714.99,,https://www.backmarket.co.uk/en-gb/p/iphone-13-pro-128-gb-alpine-green-unlocked/35d85a1e-6fa2-4331-ad51-a6e4c2a61a9e,iPhone 13 Pro 128 GB - Alpine Green - Unlocked,iPhone 13 Pro,4.5,131 reviews
28_Oct_22,684.00,635.97,654.00,https://www.backmarket.co.uk/en-gb/p/iphone-13-pro-128-gb-sierra-blue-unlocked/f597a490-5e4c-450c-88a8-14be4d46f9c1,iPhone 13 Pro 128 GB - Sierra Blue - Unlocked,iPhone 13 Pro,4.5,131 reviews
28_Oct_22,439.00,381.61,399.00,https://www.backmarket.co.uk/en-gb/p/iphone-12-128-gb-productred-unlocked/d82a1609-1cb8-4620-a9eb-d7564fb665b2,iPhone 12 128 GB - (Product)Red - Unlocked,iPhone 12,4.3,417 reviews
28_Oct_22,499.99,389.00,399.00,https://www.backmarket.co.uk/en-gb/p/iphone-12-128-gb-purple-unlocked/83c3488e-d01c-4329-9f2e-949f7560631f,iPhone 12 128 GB - Purple - Unlocked,iPhone 12,4.3,417 reviews
28_Oct_22,217.51,188.77,189.48,https://www.backmarket.co.uk/en-gb/p/iphone-x-64-gb-silver-unlocked/8822c6ae-4e5d-4b02-a681-4b28843fce2c,iPhone X 64 GB - Silver - Unlocked,iPhone X,4.2,369 reviews
28_Oct_22,524.60,449.66,482.25,https://www.backmarket.co.uk/en-gb/p/iphone-12-pro-128-gb-gold-unlocked/6819199d-d531-4fc0-a1ee-6e63d1088b2f,iPhone 12 Pro 128 GB - Gold - Unlocked,iPhone 12 Pro,4.3,216 reviews
28_Oct_22,329.00,289.53,306.96,https://www.backmarket.co.uk/en-gb/p/iphone-11-pro-64-gb-silver-unlocked/fd9cd306-42bd-4422-a221-11a5d277c5d7,iPhone 11 Pro 64 GB - Silver - Unlocked,iPhone 11 Pro,4.1,396 reviews
28_Oct_22,210.87,210.42,214.99,https://www.backmarket.co.uk/en-gb/p/iphone-xr-64-gb-yellow-unlocked/b75f5a6b-7ec9-4d8f-97ff-578b1e86fa68,iPhone XR 64 GB - Yellow - Unlocked,iPhone XR,4.5,730 reviews
28_Oct_22,591.66,449.80,476.22,https://www.backmarket.co.uk/en-gb/p/iphone-12-pro-128-gb-silver-unlocked/3cbf20e9-63de-4bc0-80c5-a3b5bcd5794c,iPhone 12 Pro 128 GB - Silver - Unlocked,iPhone 12 Pro,4.3,216 reviews
28_Oct_22,237.83,180.54,209.99,https://www.backmarket.co.uk/en-gb/p/iphone-xr-64-gb-blue-unlocked/1c738771-4d39-4acf-9b54-52e0a3fad0df,iPhone XR 64 GB - Blue - Unlocked,iPhone XR,4.5,729 reviews
28_Oct_22,233.83,188.18,198.07,https://www.backmarket.co.uk/en-gb/p/iphone-xr-64-gb-coral-unlocked/2e06a8bc-4b47-4917-bc32-9a29a68101af,iPhone XR 64 GB - Coral - Unlocked,iPhone XR,4.5,730 reviews
28_Oct_22,329.00,288.08,314.00,https://www.backmarket.co.uk/en-gb/p/iphone-11-pro-64-gb-gold-unlocked/4142377d-80f1-4670-8f4e-fab0b6fdffd4,iPhone 11 Pro 64 GB - Gold - Unlocked,iPhone 11 Pro,4.1,397 reviews
28_Oct_22,299.18,253.85,289.99,https://www.backmarket.co.uk/en-gb/p/iphone-11-64-gb-yellow-unlocked/7ef0a33a-f74f-49e9-aa3d-6611d4d43ead,iPhone 11 64 GB - Yellow - Unlocked,iPhone 11,4.3,"1,599 reviews"
28_Oct_22,239.00,183.93,196.90,https://www.backmarket.co.uk/en-gb/p/iphone-xr-64-gb-productred-unlocked/ce6d33be-f0d3-42bc-84f3-c69c416ba32e,iPhone XR 64 GB - (Product)Red - Unlocked,iPhone XR,4.5,729 reviews
28_Oct_22,398.20,347.45,379.00,https://www.backmarket.co.uk/en-gb/p/iphone-12-64-gb-white-unlocked/5bb9357f-92ed-4b5a-ae83-76a9c983f11a,iPhone 12 64 GB - White - Unlocked,iPhone 12,4.3,417 reviews
28_Oct_22,391.85,347.16,370.58,https://www.backmarket.co.uk/en-gb/p/iphone-12-64-gb-green-unlocked/e86cdb2d-f126-4548-b5c1-967c4a7446a0,iPhone 12 64 GB - Green - Unlocked,iPhone 12,4.3,417 reviews
28_Oct_22,434.38,369.00,374.27,https://www.backmarket.co.uk/en-gb/p/iphone-12-64-gb-purple-unlocked/8a7c1cc3-2288-425b-aca1-ef05100414a0,iPhone 12 64 GB - Purple - Unlocked,iPhone 12,4.3,417 reviews
28_Oct_22,398.20,358.87,371.20,https://www.backmarket.co.uk/en-gb/p/iphone-12-64-gb-productred-unlocked/af874b95-0a58-4efa-b0f4-cd020fed146b,iPhone 12 64 GB - (Product)Red - Unlocked,iPhone 12,4.3,417 reviews
28_Oct_22,81.17,68.14,80.82,https://www.backmarket.co.uk/en-gb/p/iphone-se-32-gb-space-gray-unlocked/2c8f7d05-9084-4d6b-a6d9-d0ff6f7bddb9,iPhone SE 32 GB - Space Gray - Unlocked,iPhone SE,3.9,160 reviews
28_Oct_22,399.00,320.03,369.99,https://www.backmarket.co.uk/en-gb/p/iphone-11-256-gb-black-unlocked/e04ea1fb-2779-4ac8-bed5-571eb9c13102,iPhone 11 256 GB - Black - Unlocked,iPhone 11,4.3,"1,599 reviews"
28_Oct_22,846.14,753.55,825.04,https://www.backmarket.co.uk/en-gb/p/iphone-13-pro-max-256-gb-sierra-blue-unlocked/75fda94e-249d-4177-919d-2b521c3f71c5,iPhone 13 Pro Max 256 GB - Sierra Blue - Unlocked,iPhone 13 Pro Max,4.5,115 reviews
28_Oct_22,927.11,"1,005.00",855.99,https://www.backmarket.co.uk/en-gb/p/iphone-13-pro-max-256-gb-graphite-unlocked/1367d382-6e73-44f0-907a-18cc8d448a36,iPhone 13 Pro Max 256 GB - Graphite - Unlocked,iPhone 13 Pro Max,4.5,115 reviews
28_Oct_22,612.42,528.62,635.00,https://www.backmarket.co.uk/en-gb/p/iphone-13-128-gb-pink-unlocked/d1989098-648d-490e-a719-7c4b6ab8b1ae,iPhone 13 128 GB - Pink - Unlocked,iPhone 13,4.6,116 reviews
28_Oct_22,605.98,518.86,571.05,https://www.backmarket.co.uk/en-gb/p/iphone-13-128-gb-blue-unlocked/e4d4b68e-9dec-438d-be52-d348924bfe62,iPhone 13 128 GB - Blue - Unlocked,iPhone 13,4.6,116 reviews
28_Oct_22,615.32,528.26,615.00,https://www.backmarket.co.uk/en-gb/p/iphone-13-128-gb-unlocked/ef5660d2-6883-4b81-b47d-86e5720687ef,iPhone 13 128 GB - Midnight - Unlocked,iPhone 13,4.6,116 reviews
28_Oct_22,471.15,419.90,445.79,https://www.backmarket.co.uk/en-gb/p/iphone-11-pro-max-256-gb-midnight-green-unlocked/79c35cbd-7839-4842-a647-2fc75213434e,iPhone 11 Pro Max 256 GB - Midnight Green - Unlocked,iPhone 11 Pro Max,4.2,322 reviews
28_Oct_22,215.20,189.50,209.00,https://www.backmarket.co.uk/en-gb/p/iphone-se-2020-256-gb-black-unlocked/f00b7433-3de7-4f86-a383-883511042a57,iPhone SE (2020) 256 GB - Black - Unlocked,iPhone SE (2020),4.4,926 reviews
28_Oct_22,479.37,380.99,429.99,https://www.backmarket.co.uk/en-gb/p/iphone-11-pro-max-256-gb-space-gray-unlocked/5fea5fbe-bee0-4f98-8d71-72e1facd43a3,iPhone 11 Pro Max 256 GB - Space Gray - Unlocked,iPhone 11 Pro Max,4.2,320 reviews
28_Oct_22,374.00,334.00,354.00,https://www.backmarket.co.uk/en-gb/p/iphone-11-pro-256-gb-midnight-green-unlocked/a998bc4e-a6ae-49ad-bfe0-298b68630d06,iPhone 11 Pro 256 GB - Midnight Green - Unlocked,iPhone 11 Pro,4.1,398 reviews
28_Oct_22,374.00,334.00,354.00,https://www.backmarket.co.uk/en-gb/p/iphone-11-pro-256-gb-space-gray-unlocked/934ce03d-d77d-4ec3-9316-ba84614ad715,iPhone 11 Pro 256 GB - Space Gray - Unlocked,iPhone 11 Pro,4.1,396 reviews
28_Oct_22,398.62,336.92,373.52,https://www.backmarket.co.uk/en-gb/p/iphone-11-pro-max-64-gb-gold-unlocked/e950ab8a-c1b4-4174-807d-98a9db6e2a6c,iPhone 11 Pro Max 64 GB - Gold - Unlocked,iPhone 11 Pro Max,4.2,320 reviews
28_Oct_22,200.04,169.70,190.00,https://www.backmarket.co.uk/en-gb/p/iphone-8-plus-64-gb-gold-unlocked/c1604b3a-f63e-46ca-974d-2eb9ea085b78,iPhone 8 Plus 64 GB - Gold - Unlocked,iPhone 8 Plus,4.4,181 reviews
28_Oct_22,798.40,737.55,774.99,https://www.backmarket.co.uk/en-gb/p/iphone-13-pro-max-128-gb-sierra-blue-unlocked/5becd0a2-df06-4ca8-8d3b-b0bb11697fbf,iPhone 13 Pro Max 128 GB - Sierra Blue - Unlocked,iPhone 13 Pro Max,4.5,115 reviews
28_Oct_22,394.88,336.92,378.05,https://www.backmarket.co.uk/en-gb/p/iphone-11-pro-max-64-gb-midnight-green-unlocked/b62ace87-ab2c-4421-9403-84771de245a5,iPhone 11 Pro Max 64 GB - Midnight Green - Unlocked,iPhone 11 Pro Max,4.2,322 reviews
28_Oct_22,184.34,175.79,177.32,https://www.backmarket.co.uk/en-gb/p/iphone-8-plus-64-gb-space-gray-unlocked/4f28f0c9-3f45-4541-bb3c-a3c4f6054ccb,iPhone 8 Plus 64 GB - Space Gray - Unlocked,iPhone 8 Plus,4.4,181 reviews
28_Oct_22,393.05,325.45,372.50,https://www.backmarket.co.uk/en-gb/p/iphone-11-pro-max-64-gb-space-gray-unlocked/57a443a0-5117-4d98-9147-19161f6e99c3,iPhone 11 Pro Max 64 GB - Space Gray - Unlocked,iPhone 11 Pro Max,4.2,322 reviews
28_Oct_22,813.13,741.70,819.99,https://www.backmarket.co.uk/en-gb/p/iphone-13-pro-max-128-gb-graphite-unlocked/fa941fc6-8030-4771-aa55-6669d698d7a4,iPhone 13 Pro Max 128 GB - Graphite - Unlocked,iPhone 13 Pro Max,4.5,115 reviews
28_Oct_22,315.00,210.41,258.37,https://www.backmarket.co.uk/en-gb/p/iphone-xr-128-gb-productred-unlocked/a34538f4-69bd-4ed8-9c1c-91c140d14445,iPhone XR 128 GB - (Product)Red - Unlocked,iPhone XR,4.5,730 reviews
28_Oct_22,313.89,206.45,245.10,https://www.backmarket.co.uk/en-gb/p/iphone-xr-128-gb-black-unlocked/2963532c-c4a6-4482-bba5-11594510123d,iPhone XR 128 GB - Black - Unlocked,iPhone XR,4.5,730 reviews
28_Oct_22,739.00,699.00,709.00,https://www.backmarket.co.uk/en-gb/p/iphone-13-pro-256-gb-sierra-blue-unlocked/6741de0a-127a-4f21-8103-0cd77abb8574,iPhone 13 Pro 256 GB - Sierra Blue - Unlocked,iPhone 13 Pro,4.5,131 reviews
28_Oct_22,739.00,690.98,709.00,https://www.backmarket.co.uk/en-gb/p/iphone-13-pro-256-gb-graphite-unlocked/23011c7e-5396-4453-a726-d689e095aa5c,iPhone 13 Pro 256 GB - Graphite - Unlocked,iPhone 13 Pro,4.5,131 reviews
28_Oct_22,569.60,458.61,529.99,https://www.backmarket.co.uk/en-gb/p/iphone-12-pro-256-gb-graphite-unlocked/4b95c04e-ff61-49ce-8e61-08a3906c33a2,iPhone 12 Pro 256 GB - Graphite - Unlocked,iPhone 12 Pro,4.3,216 reviews
28_Oct_22,199.00,95.92,118.12,https://www.backmarket.co.uk/en-gb/p/iphone-7-128-gb-black-unlocked/0db0c960-c786-45e5-b530-2c40be84b0ef,iPhone 7 128 GB - Black - Unlocked,iPhone 7,4.2,286 reviews
28_Oct_22,575.29,517.00,529.56,https://www.backmarket.co.uk/en-gb/p/iphone-12-pro-256-gb-pacific-blue-unlocked/65b9f551-e429-483d-89ec-b66a453138be,iPhone 12 Pro 256 GB - Pacific Blue - Unlocked,iPhone 12 Pro,4.3,216 reviews
28_Oct_22,359.00,309.00,319.00,https://www.backmarket.co.uk/en-gb/p/iphone-12-mini-64-gb-blue-unlocked/463cf129-36b9-4abf-971b-c23391ca5800,iPhone 12 mini 64 GB - Blue - Unlocked,iPhone 12 mini,4.3,179 reviews
28_Oct_22,352.53,309.00,319.00,https://www.backmarket.co.uk/en-gb/p/iphone-12-mini-64-gb-black-unlocked/e3464129-30d2-4eeb-b094-7de36afd0f64,iPhone 12 mini 64 GB - Black - Unlocked,iPhone 12 mini,4.3,179 reviews
28_Oct_22,617.48,596.21,610.11,https://www.backmarket.co.uk/en-gb/p/iphone-12-pro-max-256-gb-graphite-unlocked/a05c14b7-f865-42a4-ac25-72060adae132,iPhone 12 Pro Max 256 GB - Graphite - Unlocked,iPhone 12 Pro Max,4.2,180 reviews
28_Oct_22,405.13,341.48,376.19,https://www.backmarket.co.uk/en-gb/p/iphone-12-mini-128-gb-blue-unlocked/5f5e9d5b-aff6-4a52-86ac-1aef2e4a9117,iPhone 12 mini 128 GB - Blue - Unlocked,iPhone 12 mini,4.3,179 reviews
28_Oct_22,406.09,354.08,375.16,https://www.backmarket.co.uk/en-gb/p/iphone-12-mini-128-gb-black-unlocked/76cef1d9-d967-4ecd-807f-f1675e2cf26c,iPhone 12 mini 128 GB - Black - Unlocked,iPhone 12 mini,4.3,178 reviews
28_Oct_22,625.84,601.58,612.17,https://www.backmarket.co.uk/en-gb/p/iphone-12-pro-max-256-gb-pacific-blue-unlocked/3c52ddef-7498-4cc2-9abe-0a7bf225a58b,iPhone 12 Pro Max 256 GB - Pacific Blue - Unlocked,iPhone 12 Pro Max,4.2,180 reviews
